datetime,depth,temp
2010-07-01 00:00,0.01,21.005
2010-07-01 00:00,0.5,21.075
2010-07-01 00:00,1,21.115
2010-07-01 00:00,1.5,21.085
2010-07-01 00:00,2,21.045
2010-07-01 00:00,2.5,21.185
2010-07-01 00:00,3,21.165
2010-07-01 00:00,3.5,20.855
2010-07-01 00:00,4,20.935
2010-07-01 00:00,4.5,20.835
2010-07-01 00:00,5,20.685
2010-07-01 00:00,6,18.175
2010-07-01 00:00,7,15.825
2010-07-01 00:00,8,13.295
2010-07-01 00:00,9,12.205
2010-07-01 00:00,10,11.455
2010-07-01 00:00,11,10.125
2010-07-01 00:00,13,8.525
2010-07-01 00:00,15,7.575
2010-07-01 00:00,18,6.795
2010-07-01 00:10,0.01,20.935
2010-07-01 00:10,0.5,21.075
2010-07-01 00:10,1,21.115
2010-07-01 00:10,1.5,21.025
2010-07-01 00:10,2,21.045
2010-07-01 00:10,2.5,21.115
2010-07-01 00:10,3,21.165
2010-07-01 00:10,3.5,20.855
2010-07-01 00:10,4,20.935
2010-07-01 00:10,4.5,20.835
2010-07-01 00:10,5,20.615
2010-07-01 00:10,6,18.175
2010-07-01 00:10,7,15.765
2010-07-01 00:10,8,13.355
2010-07-01 00:10,9,12.205
2010-07-01 00:10,10,11.515
2010-07-01 00:10,11,10.125
2010-07-01 00:10,13,8.525
2010-07-01 00:10,15,7.515
2010-07-01 00:10,18,6.795
2010-07-01 00:20,0.01,21.005
2010-07-01 00:20,0.5,21.075
2010-07-01 00:20,1,21.115
2010-07-01 00:20,1.5,21.025
2010-07-01 00:20,2,21.045
2010-07-01 00:20,2.5,21.115
2010-07-01 00:20,3,21.165
2010-07-01 00:20,3.5,20.925
2010-07-01 00:20,4,20.935
2010-07-01 00:20,4.5,20.835
2010-07-01 00:20,5,20.615
2010-07-01 00:20,6,18.105
2010-07-01 00:20,7,15.575
2010-07-01 00:20,8,13.415
2010-07-01 00:20,9,12.335
2010-07-01 00:20,10,11.455
2010-07-01 00:20,11,10.065
2010-07-01 00:20,13,8.525
2010-07-01 00:20,15,7.515
2010-07-01 00:20,18,6.795
2010-07-01 00:30,0.01,20.935
2010-07-01 00:30,0.5,21.075
2010-07-01 00:30,1,21.115
2010-07-01 00:30,1.5,21.025
2010-07-01 00:30,2,21.045
2010-07-01 00:30,2.5,21.115
2010-07-01 00:30,3,21.095
2010-07-01 00:30,3.5,20.855
2010-07-01 00:30,4,20.935
2010-07-01 00:30,4.5,20.835
2010-07-01 00:30,5,20.485
2010-07-01 00:30,6,18.105
2010-07-01 00:30,7,15.445
2010-07-01 00:30,8,13.545
2010-07-01 00:30,9,12.395
2010-07-01 00:30,10,11.385
2010-07-01 00:30,11,10.125
2010-07-01 00:30,13,8.525
2010-07-01 00:30,15,7.455
2010-07-01 00:30,18,6.795
2010-07-01 00:40,0.01,21.005
2010-07-01 00:40,0.5,21.015
2010-07-01 00:40,1,21.055
2010-07-01 00:40,1.5,21.025
2010-07-01 00:40,2,21.045
2010-07-01 00:40,2.5,21.115
2010-07-01 00:40,3,21.095
2010-07-01 00:40,3.5,20.795
2010-07-01 00:40,4,20.935
2010-07-01 00:40,4.5,20.835
2010-07-01 00:40,5,20.615
2010-07-01 00:40,6,18.045
2010-07-01 00:40,7,15.515
2010-07-01 00:40,8,13.545
2010-07-01 00:40,9,12.335
2010-07-01 00:40,10,11.325
2010-07-01 00:40,11,10.125
2010-07-01 00:40,13,8.585
2010-07-01 00:40,15,7.515
2010-07-01 00:40,18,6.795
2010-07-01 00:50,0.01,21.005
2010-07-01 00:50,0.5,21.075
2010-07-01 00:50,1,21.055
2010-07-01 00:50,1.5,21.025
2010-07-01 00:50,2,20.985
2010-07-01 00:50,2.5,21.115
2010-07-01 00:50,3,21.035
2010-07-01 00:50,3.5,20.855
2010-07-01 00:50,4,20.935
2010-07-01 00:50,4.5,20.775
2010-07-01 00:50,5,20.545
2010-07-01 00:50,6,18.045
2010-07-01 00:50,7,15.445
2010-07-01 00:50,8,13.415
2010-07-01 00:50,9,12.335
2010-07-01 00:50,10,11.325
2010-07-01 00:50,11,10.125
2010-07-01 00:50,13,8.645
2010-07-01 00:50,15,7.455
2010-07-01 00:50,18,6.795
2010-07-01 01:00,0.01,20.935
2010-07-01 01:00,0.5,21.015
2010-07-01 01:00,1,21.055
2010-07-01 01:00,1.5,21.025
2010-07-01 01:00,2,20.985
2010-07-01 01:00,2.5,21.055
2010-07-01 01:00,3,21.035
2010-07-01 01:00,3.5,20.855
2010-07-01 01:00,4,20.935
2010-07-01 01:00,4.5,20.775
2010-07-01 01:00,5,20.545
2010-07-01 01:00,6,18.045
2010-07-01 01:00,7,15.385
2010-07-01 01:00,8,13.415
2010-07-01 01:00,9,12.395
2010-07-01 01:00,10,11.265
2010-07-01 01:00,11,10.065
2010-07-01 01:00,13,8.715
2010-07-01 01:00,15,7.515
2010-07-01 01:00,18,6.795
2010-07-01 01:10,0.01,20.875
2010-07-01 01:10,0.5,21.015
2010-07-01 01:10,1,21.055
2010-07-01 01:10,1.5,21.025
2010-07-01 01:10,2,20.985
2010-07-01 01:10,2.5,21.055
2010-07-01 01:10,3,21.095
2010-07-01 01:10,3.5,20.925
2010-07-01 01:10,4,20.935
2010-07-01 01:10,4.5,20.775
2010-07-01 01:10,5,20.545
2010-07-01 01:10,6,18.245
2010-07-01 01:10,7,15.325
2010-07-01 01:10,8,13.355
2010-07-01 01:10,9,12.335
2010-07-01 01:10,10,11.325
2010-07-01 01:10,11,10.125
2010-07-01 01:10,13,8.715
2010-07-01 01:10,15,7.515
2010-07-01 01:10,18,6.735
2010-07-01 01:20,0.01,20.815
2010-07-01 01:20,0.5,21.015
2010-07-01 01:20,1,21.055
2010-07-01 01:20,1.5,20.965
2010-07-01 01:20,2,20.925
2010-07-01 01:20,2.5,20.995
2010-07-01 01:20,3,20.975
2010-07-01 01:20,3.5,20.855
2010-07-01 01:20,4,20.865
2010-07-01 01:20,4.5,20.715
2010-07-01 01:20,5,20.545
2010-07-01 01:20,6,18.175
2010-07-01 01:20,7,15.325
2010-07-01 01:20,8,13.355
2010-07-01 01:20,9,12.455
2010-07-01 01:20,10,11.265
2010-07-01 01:20,11,10.125
2010-07-01 01:20,13,8.775
2010-07-01 01:20,15,7.575
2010-07-01 01:20,18,6.795
2010-07-01 01:30,0.01,20.755
2010-07-01 01:30,0.5,20.945
2010-07-01 01:30,1,20.995
2010-07-01 01:30,1.5,20.965
2010-07-01 01:30,2,20.925
2010-07-01 01:30,2.5,20.995
2010-07-01 01:30,3,21.035
2010-07-01 01:30,3.5,20.855
2010-07-01 01:30,4,20.805
2010-07-01 01:30,4.5,20.715
2010-07-01 01:30,5,20.545
2010-07-01 01:30,6,18.245
2010-07-01 01:30,7,15.385
2010-07-01 01:30,8,13.295
2010-07-01 01:30,9,12.455
2010-07-01 01:30,10,11.205
2010-07-01 01:30,11,10.125
2010-07-01 01:30,13,8.715
2010-07-01 01:30,15,7.575
2010-07-01 01:30,18,6.795
2010-07-01 01:40,0.01,20.875
2010-07-01 01:40,0.5,20.945
2010-07-01 01:40,1,20.995
2010-07-01 01:40,1.5,20.965
2010-07-01 01:40,2,20.925
2010-07-01 01:40,2.5,21.055
2010-07-01 01:40,3,21.035
2010-07-01 01:40,3.5,20.985
2010-07-01 01:40,4,20.935
2010-07-01 01:40,4.5,20.715
2010-07-01 01:40,5,20.615
2010-07-01 01:40,6,18.365
2010-07-01 01:40,7,15.385
2010-07-01 01:40,8,13.295
2010-07-01 01:40,9,12.525
2010-07-01 01:40,10,11.265
2010-07-01 01:40,11,10.185
2010-07-01 01:40,13,8.715
2010-07-01 01:40,15,7.645
2010-07-01 01:40,18,6.795
2010-07-01 01:50,0.01,20.875
2010-07-01 01:50,0.5,20.945
2010-07-01 01:50,1,20.995
2010-07-01 01:50,1.5,20.905
2010-07-01 01:50,2,20.925
2010-07-01 01:50,2.5,20.995
2010-07-01 01:50,3,21.035
2010-07-01 01:50,3.5,20.925
2010-07-01 01:50,4,20.865
2010-07-01 01:50,4.5,20.775
2010-07-01 01:50,5,20.615
2010-07-01 01:50,6,18.435
2010-07-01 01:50,7,15.575
2010-07-01 01:50,8,13.295
2010-07-01 01:50,9,12.455
2010-07-01 01:50,10,11.265
2010-07-01 01:50,11,10.185
2010-07-01 01:50,13,8.585
2010-07-01 01:50,15,7.645
2010-07-01 01:50,18,6.795
2010-07-01 02:00,0.01,20.815
2010-07-01 02:00,0.5,20.945
2010-07-01 02:00,1,20.995
2010-07-01 02:00,1.5,20.905
2010-07-01 02:00,2,20.925
2010-07-01 02:00,2.5,20.995
2010-07-01 02:00,3,21.035
2010-07-01 02:00,3.5,20.925
2010-07-01 02:00,4,20.865
2010-07-01 02:00,4.5,20.715
2010-07-01 02:00,5,20.615
2010-07-01 02:00,6,18.495
2010-07-01 02:00,7,15.575
2010-07-01 02:00,8,13.355
2010-07-01 02:00,9,12.395
2010-07-01 02:00,10,11.385
2010-07-01 02:00,11,10.185
2010-07-01 02:00,13,8.525
2010-07-01 02:00,15,7.645
2010-07-01 02:00,18,6.795
2010-07-01 02:10,0.01,20.815
2010-07-01 02:10,0.5,20.945
2010-07-01 02:10,1,20.995
2010-07-01 02:10,1.5,20.905
2010-07-01 02:10,2,20.925
2010-07-01 02:10,2.5,20.995
2010-07-01 02:10,3,20.975
2010-07-01 02:10,3.5,20.925
2010-07-01 02:10,4,20.935
2010-07-01 02:10,4.5,20.775
2010-07-01 02:10,5,20.615
2010-07-01 02:10,6,18.555
2010-07-01 02:10,7,15.575
2010-07-01 02:10,8,13.295
2010-07-01 02:10,9,12.395
2010-07-01 02:10,10,11.385
2010-07-01 02:10,11,10.245
2010-07-01 02:10,13,8.465
2010-07-01 02:10,15,7.645
2010-07-01 02:10,18,6.795
2010-07-01 02:20,0.01,20.875
2010-07-01 02:20,0.5,20.945
2010-07-01 02:20,1,20.935
2010-07-01 02:20,1.5,20.905
2010-07-01 02:20,2,20.925
2010-07-01 02:20,2.5,20.995
2010-07-01 02:20,3,20.975
2010-07-01 02:20,3.5,20.925
2010-07-01 02:20,4,20.995
2010-07-01 02:20,4.5,20.775
2010-07-01 02:20,5,20.615
2010-07-01 02:20,6,18.555
2010-07-01 02:20,7,15.635
2010-07-01 02:20,8,13.295
2010-07-01 02:20,9,12.335
2010-07-01 02:20,10,11.455
2010-07-01 02:20,11,10.245
2010-07-01 02:20,13,8.335
2010-07-01 02:20,15,7.575
2010-07-01 02:20,18,6.795
2010-07-01 02:30,0.01,20.875
2010-07-01 02:30,0.5,20.875
2010-07-01 02:30,1,20.935
2010-07-01 02:30,1.5,20.905
2010-07-01 02:30,2,20.855
2010-07-01 02:30,2.5,20.995
2010-07-01 02:30,3,20.975
2010-07-01 02:30,3.5,20.925
2010-07-01 02:30,4,20.995
2010-07-01 02:30,4.5,20.775
2010-07-01 02:30,5,20.545
2010-07-01 02:30,6,18.745
2010-07-01 02:30,7,15.635
2010-07-01 02:30,8,13.295
2010-07-01 02:30,9,12.335
2010-07-01 02:30,10,11.515
2010-07-01 02:30,11,10.315
2010-07-01 02:30,13,8.335
2010-07-01 02:30,15,7.575
2010-07-01 02:30,18,6.795
2010-07-01 02:40,0.01,20.815
2010-07-01 02:40,0.5,20.945
2010-07-01 02:40,1,20.935
2010-07-01 02:40,1.5,20.905
2010-07-01 02:40,2,20.855
2010-07-01 02:40,2.5,20.935
2010-07-01 02:40,3,20.975
2010-07-01 02:40,3.5,20.925
2010-07-01 02:40,4,20.995
2010-07-01 02:40,4.5,20.775
2010-07-01 02:40,5,20.485
2010-07-01 02:40,6,18.685
2010-07-01 02:40,7,15.635
2010-07-01 02:40,8,13.225
2010-07-01 02:40,9,12.275
2010-07-01 02:40,10,11.515
2010-07-01 02:40,11,10.315
2010-07-01 02:40,13,8.335
2010-07-01 02:40,15,7.575
2010-07-01 02:40,18,6.795
2010-07-01 02:50,0.01,20.755
2010-07-01 02:50,0.5,20.875
2010-07-01 02:50,1,20.935
2010-07-01 02:50,1.5,20.835
2010-07-01 02:50,2,20.855
2010-07-01 02:50,2.5,20.935
2010-07-01 02:50,3,20.975
2010-07-01 02:50,3.5,20.925
2010-07-01 02:50,4,20.995
2010-07-01 02:50,4.5,20.895
2010-07-01 02:50,5,20.485
2010-07-01 02:50,6,18.495
2010-07-01 02:50,7,15.445
2010-07-01 02:50,8,13.225
2010-07-01 02:50,9,12.275
2010-07-01 02:50,10,11.515
2010-07-01 02:50,11,10.375
2010-07-01 02:50,13,8.395
2010-07-01 02:50,15,7.575
2010-07-01 02:50,18,6.795
2010-07-01 03:00,0.01,20.685
2010-07-01 03:00,0.5,20.875
2010-07-01 03:00,1,20.855
2010-07-01 03:00,1.5,20.835
2010-07-01 03:00,2,20.795
2010-07-01 03:00,2.5,20.935
2010-07-01 03:00,3,20.975
2010-07-01 03:00,3.5,20.855
2010-07-01 03:00,4,20.995
2010-07-01 03:00,4.5,20.835
2010-07-01 03:00,5,20.485
2010-07-01 03:00,6,18.435
2010-07-01 03:00,7,15.575
2010-07-01 03:00,8,13.225
2010-07-01 03:00,9,12.275
2010-07-01 03:00,10,11.515
2010-07-01 03:00,11,10.435
2010-07-01 03:00,13,8.465
2010-07-01 03:00,15,7.575
2010-07-01 03:00,18,6.795
2010-07-01 03:10,0.01,20.755
2010-07-01 03:10,0.5,20.815
2010-07-01 03:10,1,20.855
2010-07-01 03:10,1.5,20.835
2010-07-01 03:10,2,20.795
2010-07-01 03:10,2.5,20.935
2010-07-01 03:10,3,20.915
2010-07-01 03:10,3.5,20.855
2010-07-01 03:10,4,20.995
2010-07-01 03:10,4.5,20.835
2010-07-01 03:10,5,20.485
2010-07-01 03:10,6,18.305
2010-07-01 03:10,7,15.325
2010-07-01 03:10,8,13.225
2010-07-01 03:10,9,12.275
2010-07-01 03:10,10,11.515
2010-07-01 03:10,11,10.435
2010-07-01 03:10,13,8.465
2010-07-01 03:10,15,7.575
2010-07-01 03:10,18,6.795
2010-07-01 03:20,0.01,20.815
2010-07-01 03:20,0.5,20.875
2010-07-01 03:20,1,20.935
2010-07-01 03:20,1.5,20.835
2010-07-01 03:20,2,20.795
2010-07-01 03:20,2.5,20.935
2010-07-01 03:20,3,20.915
2010-07-01 03:20,3.5,20.855
2010-07-01 03:20,4,20.935
2010-07-01 03:20,4.5,20.835
2010-07-01 03:20,5,20.485
2010-07-01 03:20,6,18.435
2010-07-01 03:20,7,15.195
2010-07-01 03:20,8,13.225
2010-07-01 03:20,9,12.205
2010-07-01 03:20,10,11.515
2010-07-01 03:20,11,10.435
2010-07-01 03:20,13,8.395
2010-07-01 03:20,15,7.575
2010-07-01 03:20,18,6.795
2010-07-01 03:30,0.01,20.875
2010-07-01 03:30,0.5,20.815
2010-07-01 03:30,1,20.855
2010-07-01 03:30,1.5,20.835
2010-07-01 03:30,2,20.795
2010-07-01 03:30,2.5,20.935
2010-07-01 03:30,3,20.915
2010-07-01 03:30,3.5,20.855
2010-07-01 03:30,4,20.935
2010-07-01 03:30,4.5,20.835
2010-07-01 03:30,5,20.545
2010-07-01 03:30,6,18.805
2010-07-01 03:30,7,15.015
2010-07-01 03:30,8,13.225
2010-07-01 03:30,9,12.205
2010-07-01 03:30,10,11.385
2010-07-01 03:30,11,10.435
2010-07-01 03:30,13,8.395
2010-07-01 03:30,15,7.575
2010-07-01 03:30,18,6.795
2010-07-01 03:40,0.01,20.875
2010-07-01 03:40,0.5,20.815
2010-07-01 03:40,1,20.855
2010-07-01 03:40,1.5,20.775
2010-07-01 03:40,2,20.795
2010-07-01 03:40,2.5,20.855
2010-07-01 03:40,3,20.915
2010-07-01 03:40,3.5,20.855
2010-07-01 03:40,4,20.935
2010-07-01 03:40,4.5,20.835
2010-07-01 03:40,5,20.615
2010-07-01 03:40,6,18.995
2010-07-01 03:40,7,14.765
2010-07-01 03:40,8,13.225
2010-07-01 03:40,9,12.275
2010-07-01 03:40,10,11.455
2010-07-01 03:40,11,10.435
2010-07-01 03:40,13,8.335
2010-07-01 03:40,15,7.515
2010-07-01 03:40,18,6.795
2010-07-01 03:50,0.01,20.815
2010-07-01 03:50,0.5,20.755
2010-07-01 03:50,1,20.795
2010-07-01 03:50,1.5,20.775
2010-07-01 03:50,2,20.795
2010-07-01 03:50,2.5,20.855
2010-07-01 03:50,3,20.845
2010-07-01 03:50,3.5,20.795
2010-07-01 03:50,4,20.865
2010-07-01 03:50,4.5,20.835
2010-07-01 03:50,5,20.615
2010-07-01 03:50,6,18.995
2010-07-01 03:50,7,14.695
2010-07-01 03:50,8,13.225
2010-07-01 03:50,9,12.335
2010-07-01 03:50,10,11.385
2010-07-01 03:50,11,10.375
2010-07-01 03:50,13,8.395
2010-07-01 03:50,15,7.515
2010-07-01 03:50,18,6.795
2010-07-01 04:00,0.01,20.815
2010-07-01 04:00,0.5,20.755
2010-07-01 04:00,1,20.795
2010-07-01 04:00,1.5,20.775
2010-07-01 04:00,2,20.735
2010-07-01 04:00,2.5,20.855
2010-07-01 04:00,3,20.845
2010-07-01 04:00,3.5,20.795
2010-07-01 04:00,4,20.865
2010-07-01 04:00,4.5,20.835
2010-07-01 04:00,5,20.545
2010-07-01 04:00,6,18.805
2010-07-01 04:00,7,14.765
2010-07-01 04:00,8,13.295
2010-07-01 04:00,9,12.335
2010-07-01 04:00,10,11.385
2010-07-01 04:00,11,10.495
2010-07-01 04:00,13,8.395
2010-07-01 04:00,15,7.575
2010-07-01 04:00,18,6.795
2010-07-01 04:10,0.01,20.815
2010-07-01 04:10,0.5,20.815
2010-07-01 04:10,1,20.795
2010-07-01 04:10,1.5,20.775
2010-07-01 04:10,2,20.735
2010-07-01 04:10,2.5,20.855
2010-07-01 04:10,3,20.845
2010-07-01 04:10,3.5,20.795
2010-07-01 04:10,4,20.935
2010-07-01 04:10,4.5,20.835
2010-07-01 04:10,5,20.685
2010-07-01 04:10,6,18.745
2010-07-01 04:10,7,14.885
2010-07-01 04:10,8,13.295
2010-07-01 04:10,9,12.335
2010-07-01 04:10,10,11.385
2010-07-01 04:10,11,10.495
2010-07-01 04:10,13,8.395
2010-07-01 04:10,15,7.575
2010-07-01 04:10,18,6.795
2010-07-01 04:20,0.01,20.815
2010-07-01 04:20,0.5,20.815
2010-07-01 04:20,1,20.795
2010-07-01 04:20,1.5,20.775
2010-07-01 04:20,2,20.735
2010-07-01 04:20,2.5,20.855
2010-07-01 04:20,3,20.845
2010-07-01 04:20,3.5,20.795
2010-07-01 04:20,4,20.865
2010-07-01 04:20,4.5,20.835
2010-07-01 04:20,5,20.615
2010-07-01 04:20,6,18.495
2010-07-01 04:20,7,15.015
2010-07-01 04:20,8,13.225
2010-07-01 04:20,9,12.275
2010-07-01 04:20,10,11.385
2010-07-01 04:20,11,10.495
2010-07-01 04:20,13,8.335
2010-07-01 04:20,15,7.575
2010-07-01 04:20,18,6.795
2010-07-01 04:30,0.01,20.815
2010-07-01 04:30,0.5,20.755
2010-07-01 04:30,1,20.795
2010-07-01 04:30,1.5,20.775
2010-07-01 04:30,2,20.735
2010-07-01 04:30,2.5,20.795
2010-07-01 04:30,3,20.845
2010-07-01 04:30,3.5,20.735
2010-07-01 04:30,4,20.865
2010-07-01 04:30,4.5,20.775
2010-07-01 04:30,5,20.615
2010-07-01 04:30,6,18.435
2010-07-01 04:30,7,14.945
2010-07-01 04:30,8,13.165
2010-07-01 04:30,9,12.275
2010-07-01 04:30,10,11.515
2010-07-01 04:30,11,10.435
2010-07-01 04:30,13,8.275
2010-07-01 04:30,15,7.645
2010-07-01 04:30,18,6.795
2010-07-01 04:40,0.01,20.755
2010-07-01 04:40,0.5,20.755
2010-07-01 04:40,1,20.795
2010-07-01 04:40,1.5,20.715
2010-07-01 04:40,2,20.735
2010-07-01 04:40,2.5,20.795
2010-07-01 04:40,3,20.845
2010-07-01 04:40,3.5,20.735
2010-07-01 04:40,4,20.865
2010-07-01 04:40,4.5,20.775
2010-07-01 04:40,5,20.615
2010-07-01 04:40,6,18.435
2010-07-01 04:40,7,15.015
2010-07-01 04:40,8,12.975
2010-07-01 04:40,9,12.275
2010-07-01 04:40,10,11.515
2010-07-01 04:40,11,10.435
2010-07-01 04:40,13,8.335
2010-07-01 04:40,15,7.645
2010-07-01 04:40,18,6.795
2010-07-01 04:50,0.01,20.685
2010-07-01 04:50,0.5,20.755
2010-07-01 04:50,1,20.795
2010-07-01 04:50,1.5,20.715
2010-07-01 04:50,2,20.735
2010-07-01 04:50,2.5,20.795
2010-07-01 04:50,3,20.845
2010-07-01 04:50,3.5,20.735
2010-07-01 04:50,4,20.865
2010-07-01 04:50,4.5,20.775
2010-07-01 04:50,5,20.615
2010-07-01 04:50,6,18.435
2010-07-01 04:50,7,15.075
2010-07-01 04:50,8,12.915
2010-07-01 04:50,9,12.275
2010-07-01 04:50,10,11.575
2010-07-01 04:50,11,10.435
2010-07-01 04:50,13,8.395
2010-07-01 04:50,15,7.705
2010-07-01 04:50,18,6.795
2010-07-01 05:00,0.01,20.755
2010-07-01 05:00,0.5,20.755
2010-07-01 05:00,1,20.795
2010-07-01 05:00,1.5,20.715
2010-07-01 05:00,2,20.735
2010-07-01 05:00,2.5,20.795
2010-07-01 05:00,3,20.845
2010-07-01 05:00,3.5,20.735
2010-07-01 05:00,4,20.865
2010-07-01 05:00,4.5,20.775
2010-07-01 05:00,5,20.545
2010-07-01 05:00,6,18.495
2010-07-01 05:00,7,15.195
2010-07-01 05:00,8,12.915
2010-07-01 05:00,9,12.275
2010-07-01 05:00,10,11.575
2010-07-01 05:00,11,10.315
2010-07-01 05:00,13,8.465
2010-07-01 05:00,15,7.705
2010-07-01 05:00,18,6.795
2010-07-01 05:10,0.01,20.685
2010-07-01 05:10,0.5,20.695
2010-07-01 05:10,1,20.735
2010-07-01 05:10,1.5,20.715
2010-07-01 05:10,2,20.675
2010-07-01 05:10,2.5,20.795
2010-07-01 05:10,3,20.785
2010-07-01 05:10,3.5,20.735
2010-07-01 05:10,4,20.865
2010-07-01 05:10,4.5,20.775
2010-07-01 05:10,5,20.685
2010-07-01 05:10,6,18.495
2010-07-01 05:10,7,15.325
2010-07-01 05:10,8,12.975
2010-07-01 05:10,9,12.335
2010-07-01 05:10,10,11.515
2010-07-01 05:10,11,10.065
2010-07-01 05:10,13,8.525
2010-07-01 05:10,15,7.765
2010-07-01 05:10,18,6.795
2010-07-01 05:20,0.01,20.755
2010-07-01 05:20,0.5,20.755
2010-07-01 05:20,1,20.735
2010-07-01 05:20,1.5,20.715
2010-07-01 05:20,2,20.675
2010-07-01 05:20,2.5,20.795
2010-07-01 05:20,3,20.785
2010-07-01 05:20,3.5,20.735
2010-07-01 05:20,4,20.805
2010-07-01 05:20,4.5,20.775
2010-07-01 05:20,5,20.545
2010-07-01 05:20,6,18.495
2010-07-01 05:20,7,15.385
2010-07-01 05:20,8,13.105
2010-07-01 05:20,9,12.335
2010-07-01 05:20,10,11.455
2010-07-01 05:20,11,9.995
2010-07-01 05:20,13,8.525
2010-07-01 05:20,15,7.765
2010-07-01 05:20,18,6.795
2010-07-01 05:30,0.01,20.685
2010-07-01 05:30,0.5,20.755
2010-07-01 05:30,1,20.735
2010-07-01 05:30,1.5,20.715
2010-07-01 05:30,2,20.675
2010-07-01 05:30,2.5,20.795
2010-07-01 05:30,3,20.845
2010-07-01 05:30,3.5,20.735
2010-07-01 05:30,4,20.805
2010-07-01 05:30,4.5,20.715
2010-07-01 05:30,5,20.485
2010-07-01 05:30,6,18.555
2010-07-01 05:30,7,15.445
2010-07-01 05:30,8,13.105
2010-07-01 05:30,9,12.455
2010-07-01 05:30,10,11.455
2010-07-01 05:30,11,10.065
2010-07-01 05:30,13,8.465
2010-07-01 05:30,15,7.765
2010-07-01 05:30,18,6.795
2010-07-01 05:40,0.01,20.625
2010-07-01 05:40,0.5,20.695
2010-07-01 05:40,1,20.735
2010-07-01 05:40,1.5,20.715
2010-07-01 05:40,2,20.675
2010-07-01 05:40,2.5,20.795
2010-07-01 05:40,3,20.785
2010-07-01 05:40,3.5,20.735
2010-07-01 05:40,4,20.805
2010-07-01 05:40,4.5,20.715
2010-07-01 05:40,5,20.485
2010-07-01 05:40,6,18.615
2010-07-01 05:40,7,15.445
2010-07-01 05:40,8,13.165
2010-07-01 05:40,9,12.455
2010-07-01 05:40,10,11.645
2010-07-01 05:40,11,9.995
2010-07-01 05:40,13,8.585
2010-07-01 05:40,15,7.825
2010-07-01 05:40,18,6.795
2010-07-01 05:50,0.01,20.685
2010-07-01 05:50,0.5,20.695
2010-07-01 05:50,1,20.735
2010-07-01 05:50,1.5,20.715
2010-07-01 05:50,2,20.675
2010-07-01 05:50,2.5,20.795
2010-07-01 05:50,3,20.785
2010-07-01 05:50,3.5,20.735
2010-07-01 05:50,4,20.805
2010-07-01 05:50,4.5,20.645
2010-07-01 05:50,5,20.485
2010-07-01 05:50,6,18.805
2010-07-01 05:50,7,15.385
2010-07-01 05:50,8,13.105
2010-07-01 05:50,9,12.525
2010-07-01 05:50,10,11.775
2010-07-01 05:50,11,9.995
2010-07-01 05:50,13,8.585
2010-07-01 05:50,15,7.765
2010-07-01 05:50,18,6.795
2010-07-01 06:00,0.01,20.685
2010-07-01 06:00,0.5,20.695
2010-07-01 06:00,1,20.735
2010-07-01 06:00,1.5,20.715
2010-07-01 06:00,2,20.675
2010-07-01 06:00,2.5,20.795
2010-07-01 06:00,3,20.785
2010-07-01 06:00,3.5,20.735
2010-07-01 06:00,4,20.805
2010-07-01 06:00,4.5,20.715
2010-07-01 06:00,5,20.485
2010-07-01 06:00,6,18.805
2010-07-01 06:00,7,15.515
2010-07-01 06:00,8,13.105
2010-07-01 06:00,9,12.585
2010-07-01 06:00,10,11.715
2010-07-01 06:00,11,10.065
2010-07-01 06:00,13,8.585
2010-07-01 06:00,15,7.765
2010-07-01 06:00,18,6.795
2010-07-01 06:10,0.01,20.685
2010-07-01 06:10,0.5,20.695
2010-07-01 06:10,1,20.735
2010-07-01 06:10,1.5,20.655
2010-07-01 06:10,2,20.675
2010-07-01 06:10,2.5,20.735
2010-07-01 06:10,3,20.785
2010-07-01 06:10,3.5,20.735
2010-07-01 06:10,4,20.805
2010-07-01 06:10,4.5,20.715
2010-07-01 06:10,5,20.545
2010-07-01 06:10,6,18.805
2010-07-01 06:10,7,15.515
2010-07-01 06:10,8,13.105
2010-07-01 06:10,9,12.645
2010-07-01 06:10,10,11.835
2010-07-01 06:10,11,10.065
2010-07-01 06:10,13,8.585
2010-07-01 06:10,15,7.765
2010-07-01 06:10,18,6.795
2010-07-01 06:20,0.01,20.685
2010-07-01 06:20,0.5,20.695
2010-07-01 06:20,1,20.735
2010-07-01 06:20,1.5,20.655
2010-07-01 06:20,2,20.675
2010-07-01 06:20,2.5,20.795
2010-07-01 06:20,3,20.785
2010-07-01 06:20,3.5,20.735
2010-07-01 06:20,4,20.805
2010-07-01 06:20,4.5,20.715
2010-07-01 06:20,5,20.485
2010-07-01 06:20,6,18.865
2010-07-01 06:20,7,15.445
2010-07-01 06:20,8,13.105
2010-07-01 06:20,9,12.645
2010-07-01 06:20,10,11.775
2010-07-01 06:20,11,10.065
2010-07-01 06:20,13,8.585
2010-07-01 06:20,15,7.765
2010-07-01 06:20,18,6.795
2010-07-01 06:30,0.01,20.685
2010-07-01 06:30,0.5,20.695
2010-07-01 06:30,1,20.735
2010-07-01 06:30,1.5,20.655
2010-07-01 06:30,2,20.675
2010-07-01 06:30,2.5,20.735
2010-07-01 06:30,3,20.725
2010-07-01 06:30,3.5,20.675
2010-07-01 06:30,4,20.805
2010-07-01 06:30,4.5,20.715
2010-07-01 06:30,5,20.485
2010-07-01 06:30,6,18.805
2010-07-01 06:30,7,15.325
2010-07-01 06:30,8,13.165
2010-07-01 06:30,9,12.705
2010-07-01 06:30,10,11.515
2010-07-01 06:30,11,10.065
2010-07-01 06:30,13,8.585
2010-07-01 06:30,15,7.705
2010-07-01 06:30,18,6.795
2010-07-01 06:40,0.01,20.685
2010-07-01 06:40,0.5,20.695
2010-07-01 06:40,1,20.675
2010-07-01 06:40,1.5,20.655
2010-07-01 06:40,2,20.675
2010-07-01 06:40,2.5,20.735
2010-07-01 06:40,3,20.785
2010-07-01 06:40,3.5,20.675
2010-07-01 06:40,4,20.805
2010-07-01 06:40,4.5,20.715
2010-07-01 06:40,5,20.545
2010-07-01 06:40,6,18.805
2010-07-01 06:40,7,15.075
2010-07-01 06:40,8,13.295
2010-07-01 06:40,9,12.705
2010-07-01 06:40,10,11.265
2010-07-01 06:40,11,10.065
2010-07-01 06:40,13,8.585
2010-07-01 06:40,15,7.705
2010-07-01 06:40,18,6.795
2010-07-01 06:50,0.01,20.685
2010-07-01 06:50,0.5,20.695
2010-07-01 06:50,1,20.735
2010-07-01 06:50,1.5,20.655
2010-07-01 06:50,2,20.675
2010-07-01 06:50,2.5,20.735
2010-07-01 06:50,3,20.785
2010-07-01 06:50,3.5,20.675
2010-07-01 06:50,4,20.805
2010-07-01 06:50,4.5,20.715
2010-07-01 06:50,5,20.485
2010-07-01 06:50,6,18.615
2010-07-01 06:50,7,15.015
2010-07-01 06:50,8,13.355
2010-07-01 06:50,9,12.645
2010-07-01 06:50,10,11.075
2010-07-01 06:50,11,10.125
2010-07-01 06:50,13,8.525
2010-07-01 06:50,15,7.705
2010-07-01 06:50,18,6.795
2010-07-01 07:00,0.01,20.685
2010-07-01 07:00,0.5,20.695
2010-07-01 07:00,1,20.735
2010-07-01 07:00,1.5,20.655
2010-07-01 07:00,2,20.675
2010-07-01 07:00,2.5,20.795
2010-07-01 07:00,3,20.785
2010-07-01 07:00,3.5,20.675
2010-07-01 07:00,4,20.805
2010-07-01 07:00,4.5,20.715
2010-07-01 07:00,5,20.485
2010-07-01 07:00,6,18.495
2010-07-01 07:00,7,15.015
2010-07-01 07:00,8,13.415
2010-07-01 07:00,9,12.525
2010-07-01 07:00,10,11.075
2010-07-01 07:00,11,10.245
2010-07-01 07:00,13,8.465
2010-07-01 07:00,15,7.645
2010-07-01 07:00,18,6.795
2010-07-01 07:10,0.01,20.685
2010-07-01 07:10,0.5,20.695
2010-07-01 07:10,1,20.735
2010-07-01 07:10,1.5,20.655
2010-07-01 07:10,2,20.675
2010-07-01 07:10,2.5,20.795
2010-07-01 07:10,3,20.785
2010-07-01 07:10,3.5,20.675
2010-07-01 07:10,4,20.805
2010-07-01 07:10,4.5,20.715
2010-07-01 07:10,5,20.545
2010-07-01 07:10,6,18.435
2010-07-01 07:10,7,15.015
2010-07-01 07:10,8,13.415
2010-07-01 07:10,9,12.455
2010-07-01 07:10,10,11.135
2010-07-01 07:10,11,10.315
2010-07-01 07:10,13,8.465
2010-07-01 07:10,15,7.575
2010-07-01 07:10,18,6.795
2010-07-01 07:20,0.01,20.685
2010-07-01 07:20,0.5,20.625
2010-07-01 07:20,1,20.675
2010-07-01 07:20,1.5,20.655
2010-07-01 07:20,2,20.675
2010-07-01 07:20,2.5,20.735
2010-07-01 07:20,3,20.725
2010-07-01 07:20,3.5,20.675
2010-07-01 07:20,4,20.805
2010-07-01 07:20,4.5,20.715
2010-07-01 07:20,5,20.685
2010-07-01 07:20,6,18.435
2010-07-01 07:20,7,15.015
2010-07-01 07:20,8,13.415
2010-07-01 07:20,9,12.395
2010-07-01 07:20,10,11.205
2010-07-01 07:20,11,10.375
2010-07-01 07:20,13,8.465
2010-07-01 07:20,15,7.575
2010-07-01 07:20,18,6.795
2010-07-01 07:30,0.01,20.685
2010-07-01 07:30,0.5,20.625
2010-07-01 07:30,1,20.675
2010-07-01 07:30,1.5,20.655
2010-07-01 07:30,2,20.605
2010-07-01 07:30,2.5,20.735
2010-07-01 07:30,3,20.725
2010-07-01 07:30,3.5,20.675
2010-07-01 07:30,4,20.805
2010-07-01 07:30,4.5,20.715
2010-07-01 07:30,5,20.615
2010-07-01 07:30,6,18.245
2010-07-01 07:30,7,15.015
2010-07-01 07:30,8,13.415
2010-07-01 07:30,9,12.335
2010-07-01 07:30,10,11.265
2010-07-01 07:30,11,10.375
2010-07-01 07:30,13,8.465
2010-07-01 07:30,15,7.575
2010-07-01 07:30,18,6.795
2010-07-01 07:40,0.01,20.685
2010-07-01 07:40,0.5,20.625
2010-07-01 07:40,1,20.675
2010-07-01 07:40,1.5,20.655
2010-07-01 07:40,2,20.605
2010-07-01 07:40,2.5,20.735
2010-07-01 07:40,3,20.725
2010-07-01 07:40,3.5,20.675
2010-07-01 07:40,4,20.805
2010-07-01 07:40,4.5,20.715
2010-07-01 07:40,5,20.545
2010-07-01 07:40,6,18.245
2010-07-01 07:40,7,15.015
2010-07-01 07:40,8,13.415
2010-07-01 07:40,9,12.395
2010-07-01 07:40,10,11.265
2010-07-01 07:40,11,10.375
2010-07-01 07:40,13,8.465
2010-07-01 07:40,15,7.575
2010-07-01 07:40,18,6.795
2010-07-01 07:50,0.01,20.685
2010-07-01 07:50,0.5,20.695
2010-07-01 07:50,1,20.735
2010-07-01 07:50,1.5,20.655
2010-07-01 07:50,2,20.675
2010-07-01 07:50,2.5,20.735
2010-07-01 07:50,3,20.785
2010-07-01 07:50,3.5,20.675
2010-07-01 07:50,4,20.805
2010-07-01 07:50,4.5,20.715
2010-07-01 07:50,5,20.425
2010-07-01 07:50,6,18.435
2010-07-01 07:50,7,14.945
2010-07-01 07:50,8,13.475
2010-07-01 07:50,9,12.335
2010-07-01 07:50,10,11.325
2010-07-01 07:50,11,10.495
2010-07-01 07:50,13,8.395
2010-07-01 07:50,15,7.645
2010-07-01 07:50,18,6.795
2010-07-01 08:00,0.01,20.685
2010-07-01 08:00,0.5,20.695
2010-07-01 08:00,1,20.675
2010-07-01 08:00,1.5,20.655
2010-07-01 08:00,2,20.675
2010-07-01 08:00,2.5,20.735
2010-07-01 08:00,3,20.785
2010-07-01 08:00,3.5,20.675
2010-07-01 08:00,4,20.805
2010-07-01 08:00,4.5,20.645
2010-07-01 08:00,5,20.425
2010-07-01 08:00,6,18.365
2010-07-01 08:00,7,14.945
2010-07-01 08:00,8,13.475
2010-07-01 08:00,9,12.335
2010-07-01 08:00,10,11.385
2010-07-01 08:00,11,10.435
2010-07-01 08:00,13,8.395
2010-07-01 08:00,15,7.645
2010-07-01 08:00,18,6.795
2010-07-01 08:10,0.01,20.685
2010-07-01 08:10,0.5,20.625
2010-07-01 08:10,1,20.675
2010-07-01 08:10,1.5,20.655
2010-07-01 08:10,2,20.675
2010-07-01 08:10,2.5,20.735
2010-07-01 08:10,3,20.725
2010-07-01 08:10,3.5,20.675
2010-07-01 08:10,4,20.745
2010-07-01 08:10,4.5,20.715
2010-07-01 08:10,5,20.485
2010-07-01 08:10,6,18.615
2010-07-01 08:10,7,15.015
2010-07-01 08:10,8,13.545
2010-07-01 08:10,9,12.275
2010-07-01 08:10,10,11.385
2010-07-01 08:10,11,10.375
2010-07-01 08:10,13,8.395
2010-07-01 08:10,15,7.645
2010-07-01 08:10,18,6.795
2010-07-01 08:20,0.01,20.685
2010-07-01 08:20,0.5,20.625
2010-07-01 08:20,1,20.675
2010-07-01 08:20,1.5,20.655
2010-07-01 08:20,2,20.675
2010-07-01 08:20,2.5,20.735
2010-07-01 08:20,3,20.725
2010-07-01 08:20,3.5,20.675
2010-07-01 08:20,4,20.745
2010-07-01 08:20,4.5,20.715
2010-07-01 08:20,5,20.485
2010-07-01 08:20,6,18.555
2010-07-01 08:20,7,15.075
2010-07-01 08:20,8,13.475
2010-07-01 08:20,9,12.395
2010-07-01 08:20,10,11.455
2010-07-01 08:20,11,10.315
2010-07-01 08:20,13,8.395
2010-07-01 08:20,15,7.645
2010-07-01 08:20,18,6.795
2010-07-01 08:30,0.01,20.625
2010-07-01 08:30,0.5,20.625
2010-07-01 08:30,1,20.735
2010-07-01 08:30,1.5,20.655
2010-07-01 08:30,2,20.675
2010-07-01 08:30,2.5,20.735
2010-07-01 08:30,3,20.785
2010-07-01 08:30,3.5,20.675
2010-07-01 08:30,4,20.805
2010-07-01 08:30,4.5,20.715
2010-07-01 08:30,5,20.615
2010-07-01 08:30,6,18.615
2010-07-01 08:30,7,15.195
2010-07-01 08:30,8,13.545
2010-07-01 08:30,9,12.395
2010-07-01 08:30,10,11.515
2010-07-01 08:30,11,10.245
2010-07-01 08:30,13,8.395
2010-07-01 08:30,15,7.645
2010-07-01 08:30,18,6.795
2010-07-01 08:40,0.01,20.625
2010-07-01 08:40,0.5,20.695
2010-07-01 08:40,1,20.675
2010-07-01 08:40,1.5,20.655
2010-07-01 08:40,2,20.675
2010-07-01 08:40,2.5,20.735
2010-07-01 08:40,3,20.785
2010-07-01 08:40,3.5,20.675
2010-07-01 08:40,4,20.745
2010-07-01 08:40,4.5,20.715
2010-07-01 08:40,5,20.685
2010-07-01 08:40,6,18.685
2010-07-01 08:40,7,15.385
2010-07-01 08:40,8,13.665
2010-07-01 08:40,9,12.455
2010-07-01 08:40,10,11.515
2010-07-01 08:40,11,10.375
2010-07-01 08:40,13,8.335
2010-07-01 08:40,15,7.575
2010-07-01 08:40,18,6.795
2010-07-01 08:50,0.01,20.625
2010-07-01 08:50,0.5,20.625
2010-07-01 08:50,1,20.675
2010-07-01 08:50,1.5,20.655
2010-07-01 08:50,2,20.675
2010-07-01 08:50,2.5,20.735
2010-07-01 08:50,3,20.725
2010-07-01 08:50,3.5,20.675
2010-07-01 08:50,4,20.805
2010-07-01 08:50,4.5,20.715
2010-07-01 08:50,5,20.615
2010-07-01 08:50,6,18.615
2010-07-01 08:50,7,15.445
2010-07-01 08:50,8,13.665
2010-07-01 08:50,9,12.585
2010-07-01 08:50,10,11.515
2010-07-01 08:50,11,10.375
2010-07-01 08:50,13,8.335
2010-07-01 08:50,15,7.575
2010-07-01 08:50,18,6.795
2010-07-01 09:00,0.01,20.625
2010-07-01 09:00,0.5,20.625
2010-07-01 09:00,1,20.735
2010-07-01 09:00,1.5,20.655
2010-07-01 09:00,2,20.675
2010-07-01 09:00,2.5,20.795
2010-07-01 09:00,3,20.785
2010-07-01 09:00,3.5,20.735
2010-07-01 09:00,4,20.805
2010-07-01 09:00,4.5,20.715
2010-07-01 09:00,5,20.615
2010-07-01 09:00,6,18.615
2010-07-01 09:00,7,15.445
2010-07-01 09:00,8,13.725
2010-07-01 09:00,9,12.585
2010-07-01 09:00,10,11.515
2010-07-01 09:00,11,10.435
2010-07-01 09:00,13,8.335
2010-07-01 09:00,15,7.575
2010-07-01 09:00,18,6.795
2010-07-01 09:10,0.01,20.685
2010-07-01 09:10,0.5,20.695
2010-07-01 09:10,1,20.795
2010-07-01 09:10,1.5,20.715
2010-07-01 09:10,2,20.735
2010-07-01 09:10,2.5,20.855
2010-07-01 09:10,3,20.845
2010-07-01 09:10,3.5,20.795
2010-07-01 09:10,4,20.805
2010-07-01 09:10,4.5,20.775
2010-07-01 09:10,5,20.685
2010-07-01 09:10,6,18.555
2010-07-01 09:10,7,15.515
2010-07-01 09:10,8,13.805
2010-07-01 09:10,9,12.585
2010-07-01 09:10,10,11.515
2010-07-01 09:10,11,10.315
2010-07-01 09:10,13,8.275
2010-07-01 09:10,15,7.575
2010-07-01 09:10,18,6.795
2010-07-01 09:20,0.01,20.755
2010-07-01 09:20,0.5,20.755
2010-07-01 09:20,1,20.795
2010-07-01 09:20,1.5,20.775
2010-07-01 09:20,2,20.795
2010-07-01 09:20,2.5,20.855
2010-07-01 09:20,3,20.845
2010-07-01 09:20,3.5,20.795
2010-07-01 09:20,4,20.865
2010-07-01 09:20,4.5,20.775
2010-07-01 09:20,5,20.615
2010-07-01 09:20,6,18.685
2010-07-01 09:20,7,15.635
2010-07-01 09:20,8,13.805
2010-07-01 09:20,9,12.585
2010-07-01 09:20,10,11.515
2010-07-01 09:20,11,10.245
2010-07-01 09:20,13,8.275
2010-07-01 09:20,15,7.575
2010-07-01 09:20,18,6.795
2010-07-01 09:30,0.01,20.755
2010-07-01 09:30,0.5,20.755
2010-07-01 09:30,1,20.795
2010-07-01 09:30,1.5,20.775
2010-07-01 09:30,2,20.735
2010-07-01 09:30,2.5,20.855
2010-07-01 09:30,3,20.915
2010-07-01 09:30,3.5,20.795
2010-07-01 09:30,4,20.805
2010-07-01 09:30,4.5,20.775
2010-07-01 09:30,5,20.685
2010-07-01 09:30,6,18.745
2010-07-01 09:30,7,15.635
2010-07-01 09:30,8,13.665
2010-07-01 09:30,9,12.525
2010-07-01 09:30,10,11.515
2010-07-01 09:30,11,10.185
2010-07-01 09:30,13,8.335
2010-07-01 09:30,15,7.575
2010-07-01 09:30,18,6.795
2010-07-01 09:40,0.01,20.815
2010-07-01 09:40,0.5,20.755
2010-07-01 09:40,1,20.795
2010-07-01 09:40,1.5,20.775
2010-07-01 09:40,2,20.795
2010-07-01 09:40,2.5,20.855
2010-07-01 09:40,3,20.915
2010-07-01 09:40,3.5,20.795
2010-07-01 09:40,4,20.805
2010-07-01 09:40,4.5,20.775
2010-07-01 09:40,5,20.615
2010-07-01 09:40,6,18.745
2010-07-01 09:40,7,15.635
2010-07-01 09:40,8,13.665
2010-07-01 09:40,9,12.525
2010-07-01 09:40,10,11.515
2010-07-01 09:40,11,10.185
2010-07-01 09:40,13,8.275
2010-07-01 09:40,15,7.575
2010-07-01 09:40,18,6.795
2010-07-01 09:50,0.01,20.815
2010-07-01 09:50,0.5,20.755
2010-07-01 09:50,1,20.795
2010-07-01 09:50,1.5,20.835
2010-07-01 09:50,2,20.795
2010-07-01 09:50,2.5,20.855
2010-07-01 09:50,3,20.975
2010-07-01 09:50,3.5,20.855
2010-07-01 09:50,4,20.805
2010-07-01 09:50,4.5,20.775
2010-07-01 09:50,5,20.685
2010-07-01 09:50,6,18.685
2010-07-01 09:50,7,15.575
2010-07-01 09:50,8,13.605
2010-07-01 09:50,9,12.585
2010-07-01 09:50,10,11.575
2010-07-01 09:50,11,10.065
2010-07-01 09:50,13,8.275
2010-07-01 09:50,15,7.575
2010-07-01 09:50,18,6.795
2010-07-01 10:00,0.01,20.875
2010-07-01 10:00,0.5,20.815
2010-07-01 10:00,1,20.855
2010-07-01 10:00,1.5,20.835
2010-07-01 10:00,2,20.855
2010-07-01 10:00,2.5,20.935
2010-07-01 10:00,3,20.975
2010-07-01 10:00,3.5,20.795
2010-07-01 10:00,4,20.805
2010-07-01 10:00,4.5,20.775
2010-07-01 10:00,5,20.685
2010-07-01 10:00,6,18.495
2010-07-01 10:00,7,15.515
2010-07-01 10:00,8,13.475
2010-07-01 10:00,9,12.585
2010-07-01 10:00,10,11.575
2010-07-01 10:00,11,9.935
2010-07-01 10:00,13,8.215
2010-07-01 10:00,15,7.575
2010-07-01 10:00,18,6.795
2010-07-01 10:10,0.01,20.935
2010-07-01 10:10,0.5,20.875
2010-07-01 10:10,1,20.855
2010-07-01 10:10,1.5,20.835
2010-07-01 10:10,2,20.795
2010-07-01 10:10,2.5,20.855
2010-07-01 10:10,3,20.915
2010-07-01 10:10,3.5,20.795
2010-07-01 10:10,4,20.805
2010-07-01 10:10,4.5,20.775
2010-07-01 10:10,5,20.685
2010-07-01 10:10,6,18.175
2010-07-01 10:10,7,15.445
2010-07-01 10:10,8,13.415
2010-07-01 10:10,9,12.455
2010-07-01 10:10,10,11.645
2010-07-01 10:10,11,9.815
2010-07-01 10:10,13,8.215
2010-07-01 10:10,15,7.575
2010-07-01 10:10,18,6.795
2010-07-01 10:20,0.01,20.935
2010-07-01 10:20,0.5,20.875
2010-07-01 10:20,1,20.935
2010-07-01 10:20,1.5,20.835
2010-07-01 10:20,2,20.855
2010-07-01 10:20,2.5,20.855
2010-07-01 10:20,3,20.915
2010-07-01 10:20,3.5,20.795
2010-07-01 10:20,4,20.805
2010-07-01 10:20,4.5,20.775
2010-07-01 10:20,5,20.685
2010-07-01 10:20,6,18.175
2010-07-01 10:20,7,15.445
2010-07-01 10:20,8,13.355
2010-07-01 10:20,9,12.455
2010-07-01 10:20,10,11.645
2010-07-01 10:20,11,9.745
2010-07-01 10:20,13,8.215
2010-07-01 10:20,15,7.575
2010-07-01 10:20,18,6.795
2010-07-01 10:30,0.01,21.005
2010-07-01 10:30,0.5,20.875
2010-07-01 10:30,1,20.935
2010-07-01 10:30,1.5,20.835
2010-07-01 10:30,2,20.855
2010-07-01 10:30,2.5,20.855
2010-07-01 10:30,3,20.845
2010-07-01 10:30,3.5,20.795
2010-07-01 10:30,4,20.805
2010-07-01 10:30,4.5,20.775
2010-07-01 10:30,5,20.615
2010-07-01 10:30,6,18.105
2010-07-01 10:30,7,15.325
2010-07-01 10:30,8,13.225
2010-07-01 10:30,9,12.455
2010-07-01 10:30,10,11.715
2010-07-01 10:30,11,9.745
2010-07-01 10:30,13,8.275
2010-07-01 10:30,15,7.645
2010-07-01 10:30,18,6.795
2010-07-01 10:40,0.01,21.005
2010-07-01 10:40,0.5,20.945
2010-07-01 10:40,1,20.935
2010-07-01 10:40,1.5,20.905
2010-07-01 10:40,2,20.855
2010-07-01 10:40,2.5,20.935
2010-07-01 10:40,3,20.915
2010-07-01 10:40,3.5,20.795
2010-07-01 10:40,4,20.805
2010-07-01 10:40,4.5,20.775
2010-07-01 10:40,5,20.615
2010-07-01 10:40,6,18.175
2010-07-01 10:40,7,15.265
2010-07-01 10:40,8,13.355
2010-07-01 10:40,9,12.395
2010-07-01 10:40,10,11.645
2010-07-01 10:40,11,9.815
2010-07-01 10:40,13,8.335
2010-07-01 10:40,15,7.705
2010-07-01 10:40,18,6.735
2010-07-01 10:50,0.01,21.065
2010-07-01 10:50,0.5,20.945
2010-07-01 10:50,1,20.995
2010-07-01 10:50,1.5,20.905
2010-07-01 10:50,2,20.855
2010-07-01 10:50,2.5,20.935
2010-07-01 10:50,3,20.915
2010-07-01 10:50,3.5,20.795
2010-07-01 10:50,4,20.805
2010-07-01 10:50,4.5,20.775
2010-07-01 10:50,5,20.615
2010-07-01 10:50,6,18.175
2010-07-01 10:50,7,15.385
2010-07-01 10:50,8,13.355
2010-07-01 10:50,9,12.275
2010-07-01 10:50,10,11.575
2010-07-01 10:50,11,9.815
2010-07-01 10:50,13,8.395
2010-07-01 10:50,15,7.765
2010-07-01 10:50,18,6.795
2010-07-01 11:00,0.01,21.065
2010-07-01 11:00,0.5,20.945
2010-07-01 11:00,1,20.995
2010-07-01 11:00,1.5,20.965
2010-07-01 11:00,2,20.925
2010-07-01 11:00,2.5,20.935
2010-07-01 11:00,3,20.845
2010-07-01 11:00,3.5,20.795
2010-07-01 11:00,4,20.805
2010-07-01 11:00,4.5,20.775
2010-07-01 11:00,5,20.685
2010-07-01 11:00,6,18.245
2010-07-01 11:00,7,15.385
2010-07-01 11:00,8,13.355
2010-07-01 11:00,9,12.275
2010-07-01 11:00,10,11.455
2010-07-01 11:00,11,9.875
2010-07-01 11:00,13,8.395
2010-07-01 11:00,15,7.895
2010-07-01 11:00,18,6.795
2010-07-01 11:10,0.01,21.065
2010-07-01 11:10,0.5,21.015
2010-07-01 11:10,1,20.995
2010-07-01 11:10,1.5,20.965
2010-07-01 11:10,2,20.925
2010-07-01 11:10,2.5,20.935
2010-07-01 11:10,3,20.845
2010-07-01 11:10,3.5,20.795
2010-07-01 11:10,4,20.805
2010-07-01 11:10,4.5,20.775
2010-07-01 11:10,5,20.685
2010-07-01 11:10,6,18.245
2010-07-01 11:10,7,15.265
2010-07-01 11:10,8,13.295
2010-07-01 11:10,9,12.335
2010-07-01 11:10,10,11.385
2010-07-01 11:10,11,9.875
2010-07-01 11:10,13,8.465
2010-07-01 11:10,15,7.895
2010-07-01 11:10,18,6.795
2010-07-01 11:20,0.01,21.065
2010-07-01 11:20,0.5,21.015
2010-07-01 11:20,1,21.055
2010-07-01 11:20,1.5,20.965
2010-07-01 11:20,2,20.985
2010-07-01 11:20,2.5,20.995
2010-07-01 11:20,3,20.845
2010-07-01 11:20,3.5,20.795
2010-07-01 11:20,4,20.805
2010-07-01 11:20,4.5,20.775
2010-07-01 11:20,5,20.685
2010-07-01 11:20,6,18.245
2010-07-01 11:20,7,15.325
2010-07-01 11:20,8,13.295
2010-07-01 11:20,9,12.395
2010-07-01 11:20,10,11.385
2010-07-01 11:20,11,9.935
2010-07-01 11:20,13,8.395
2010-07-01 11:20,15,7.825
2010-07-01 11:20,18,6.795
2010-07-01 11:30,0.01,21.065
2010-07-01 11:30,0.5,21.015
2010-07-01 11:30,1,21.055
2010-07-01 11:30,1.5,20.965
2010-07-01 11:30,2,20.925
2010-07-01 11:30,2.5,20.995
2010-07-01 11:30,3,20.845
2010-07-01 11:30,3.5,20.735
2010-07-01 11:30,4,20.805
2010-07-01 11:30,4.5,20.715
2010-07-01 11:30,5,20.615
2010-07-01 11:30,6,18.305
2010-07-01 11:30,7,15.325
2010-07-01 11:30,8,13.295
2010-07-01 11:30,9,12.525
2010-07-01 11:30,10,11.325
2010-07-01 11:30,11,9.995
2010-07-01 11:30,13,8.395
2010-07-01 11:30,15,7.825
2010-07-01 11:30,18,6.795
2010-07-01 11:40,0.01,21.065
2010-07-01 11:40,0.5,21.015
2010-07-01 11:40,1,21.055
2010-07-01 11:40,1.5,20.965
2010-07-01 11:40,2,20.985
2010-07-01 11:40,2.5,20.995
2010-07-01 11:40,3,20.915
2010-07-01 11:40,3.5,20.795
2010-07-01 11:40,4,20.805
2010-07-01 11:40,4.5,20.775
2010-07-01 11:40,5,20.685
2010-07-01 11:40,6,18.365
2010-07-01 11:40,7,15.445
2010-07-01 11:40,8,13.355
2010-07-01 11:40,9,12.525
2010-07-01 11:40,10,11.205
2010-07-01 11:40,11,10.125
2010-07-01 11:40,13,8.465
2010-07-01 11:40,15,7.825
2010-07-01 11:40,18,6.795
2010-07-01 11:50,0.01,21.125
2010-07-01 11:50,0.5,21.075
2010-07-01 11:50,1,21.055
2010-07-01 11:50,1.5,20.965
2010-07-01 11:50,2,20.985
2010-07-01 11:50,2.5,21.055
2010-07-01 11:50,3,20.975
2010-07-01 11:50,3.5,20.795
2010-07-01 11:50,4,20.805
2010-07-01 11:50,4.5,20.775
2010-07-01 11:50,5,20.615
2010-07-01 11:50,6,18.365
2010-07-01 11:50,7,15.445
2010-07-01 11:50,8,13.355
2010-07-01 11:50,9,12.585
2010-07-01 11:50,10,11.265
2010-07-01 11:50,11,10.125
2010-07-01 11:50,13,8.525
2010-07-01 11:50,15,7.825
2010-07-01 11:50,18,6.795
2010-07-01 12:00,0.01,21.185
2010-07-01 12:00,0.5,21.075
2010-07-01 12:00,1,21.115
2010-07-01 12:00,1.5,21.025
2010-07-01 12:00,2,20.985
2010-07-01 12:00,2.5,20.995
2010-07-01 12:00,3,20.975
2010-07-01 12:00,3.5,20.795
2010-07-01 12:00,4,20.805
2010-07-01 12:00,4.5,20.715
2010-07-01 12:00,5,20.685
2010-07-01 12:00,6,18.305
2010-07-01 12:00,7,15.575
2010-07-01 12:00,8,13.355
2010-07-01 12:00,9,12.645
2010-07-01 12:00,10,11.325
2010-07-01 12:00,11,10.245
2010-07-01 12:00,13,8.525
2010-07-01 12:00,15,7.825
2010-07-01 12:00,18,6.795
2010-07-01 12:10,0.01,21.255
2010-07-01 12:10,0.5,21.135
2010-07-01 12:10,1,21.115
2010-07-01 12:10,1.5,21.025
2010-07-01 12:10,2,20.985
2010-07-01 12:10,2.5,21.055
2010-07-01 12:10,3,20.975
2010-07-01 12:10,3.5,20.795
2010-07-01 12:10,4,20.805
2010-07-01 12:10,4.5,20.775
2010-07-01 12:10,5,20.685
2010-07-01 12:10,6,18.305
2010-07-01 12:10,7,15.695
2010-07-01 12:10,8,13.475
2010-07-01 12:10,9,12.705
2010-07-01 12:10,10,11.265
2010-07-01 12:10,11,10.185
2010-07-01 12:10,13,8.585
2010-07-01 12:10,15,7.765
2010-07-01 12:10,18,6.795
2010-07-01 12:20,0.01,21.255
2010-07-01 12:20,0.5,21.135
2010-07-01 12:20,1,21.185
2010-07-01 12:20,1.5,21.085
2010-07-01 12:20,2,21.045
2010-07-01 12:20,2.5,21.055
2010-07-01 12:20,3,20.975
2010-07-01 12:20,3.5,20.795
2010-07-01 12:20,4,20.805
2010-07-01 12:20,4.5,20.775
2010-07-01 12:20,5,20.685
2010-07-01 12:20,6,18.105
2010-07-01 12:20,7,15.695
2010-07-01 12:20,8,13.475
2010-07-01 12:20,9,12.645
2010-07-01 12:20,10,11.325
2010-07-01 12:20,11,10.185
2010-07-01 12:20,13,8.645
2010-07-01 12:20,15,7.825
2010-07-01 12:20,18,6.795
2010-07-01 12:30,0.01,21.255
2010-07-01 12:30,0.5,21.135
2010-07-01 12:30,1,21.115
2010-07-01 12:30,1.5,21.085
2010-07-01 12:30,2,21.045
2010-07-01 12:30,2.5,21.055
2010-07-01 12:30,3,20.975
2010-07-01 12:30,3.5,20.855
2010-07-01 12:30,4,20.805
2010-07-01 12:30,4.5,20.775
2010-07-01 12:30,5,20.615
2010-07-01 12:30,6,18.045
2010-07-01 12:30,7,15.695
2010-07-01 12:30,8,13.415
2010-07-01 12:30,9,12.645
2010-07-01 12:30,10,11.265
2010-07-01 12:30,11,10.125
2010-07-01 12:30,13,8.645
2010-07-01 12:30,15,7.825
2010-07-01 12:30,18,6.795
2010-07-01 12:40,0.01,21.255
2010-07-01 12:40,0.5,21.135
2010-07-01 12:40,1,21.115
2010-07-01 12:40,1.5,21.085
2010-07-01 12:40,2,21.045
2010-07-01 12:40,2.5,21.115
2010-07-01 12:40,3,21.035
2010-07-01 12:40,3.5,20.925
2010-07-01 12:40,4,20.865
2010-07-01 12:40,4.5,20.775
2010-07-01 12:40,5,20.615
2010-07-01 12:40,6,18.245
2010-07-01 12:40,7,15.765
2010-07-01 12:40,8,13.355
2010-07-01 12:40,9,12.645
2010-07-01 12:40,10,11.205
2010-07-01 12:40,11,10.125
2010-07-01 12:40,13,8.645
2010-07-01 12:40,15,7.825
2010-07-01 12:40,18,6.795
2010-07-01 12:50,0.01,21.255
2010-07-01 12:50,0.5,21.135
2010-07-01 12:50,1,21.185
2010-07-01 12:50,1.5,21.085
2010-07-01 12:50,2,21.045
2010-07-01 12:50,2.5,21.115
2010-07-01 12:50,3,21.095
2010-07-01 12:50,3.5,20.925
2010-07-01 12:50,4,20.935
2010-07-01 12:50,4.5,20.775
2010-07-01 12:50,5,20.545
2010-07-01 12:50,6,18.435
2010-07-01 12:50,7,15.445
2010-07-01 12:50,8,13.415
2010-07-01 12:50,9,12.525
2010-07-01 12:50,10,11.205
2010-07-01 12:50,11,10.065
2010-07-01 12:50,13,8.645
2010-07-01 12:50,15,7.825
2010-07-01 12:50,18,6.795
2010-07-01 13:00,0.01,21.255
2010-07-01 13:00,0.5,21.135
2010-07-01 13:00,1,21.185
2010-07-01 13:00,1.5,21.085
2010-07-01 13:00,2,21.105
2010-07-01 13:00,2.5,21.185
2010-07-01 13:00,3,21.095
2010-07-01 13:00,3.5,20.985
2010-07-01 13:00,4,20.995
2010-07-01 13:00,4.5,20.775
2010-07-01 13:00,5,20.485
2010-07-01 13:00,6,18.435
2010-07-01 13:00,7,15.575
2010-07-01 13:00,8,13.415
2010-07-01 13:00,9,12.455
2010-07-01 13:00,10,11.075
2010-07-01 13:00,11,9.995
2010-07-01 13:00,13,8.645
2010-07-01 13:00,15,7.825
2010-07-01 13:00,18,6.795
2010-07-01 13:10,0.01,21.185
2010-07-01 13:10,0.5,21.135
2010-07-01 13:10,1,21.185
2010-07-01 13:10,1.5,21.085
2010-07-01 13:10,2,21.045
2010-07-01 13:10,2.5,21.115
2010-07-01 13:10,3,21.095
2010-07-01 13:10,3.5,20.985
2010-07-01 13:10,4,20.995
2010-07-01 13:10,4.5,20.775
2010-07-01 13:10,5,20.115
2010-07-01 13:10,6,18.435
2010-07-01 13:10,7,15.575
2010-07-01 13:10,8,13.355
2010-07-01 13:10,9,12.335
2010-07-01 13:10,10,11.075
2010-07-01 13:10,11,9.995
2010-07-01 13:10,13,8.645
2010-07-01 13:10,15,7.825
2010-07-01 13:10,18,6.795
2010-07-01 13:20,0.01,21.185
2010-07-01 13:20,0.5,21.135
2010-07-01 13:20,1,21.185
2010-07-01 13:20,1.5,21.085
2010-07-01 13:20,2,21.045
2010-07-01 13:20,2.5,21.185
2010-07-01 13:20,3,21.165
2010-07-01 13:20,3.5,21.045
2010-07-01 13:20,4,20.995
2010-07-01 13:20,4.5,20.775
2010-07-01 13:20,5,20.235
2010-07-01 13:20,6,18.555
2010-07-01 13:20,7,15.325
2010-07-01 13:20,8,13.415
2010-07-01 13:20,9,12.275
2010-07-01 13:20,10,11.205
2010-07-01 13:20,11,9.995
2010-07-01 13:20,13,8.645
2010-07-01 13:20,15,7.825
2010-07-01 13:20,18,6.795
2010-07-01 13:30,0.01,21.185
2010-07-01 13:30,0.5,21.135
2010-07-01 13:30,1,21.185
2010-07-01 13:30,1.5,21.085
2010-07-01 13:30,2,21.105
2010-07-01 13:30,2.5,21.185
2010-07-01 13:30,3,21.165
2010-07-01 13:30,3.5,21.045
2010-07-01 13:30,4,21.055
2010-07-01 13:30,4.5,20.775
2010-07-01 13:30,5,19.865
2010-07-01 13:30,6,18.615
2010-07-01 13:30,7,15.265
2010-07-01 13:30,8,13.545
2010-07-01 13:30,9,12.205
2010-07-01 13:30,10,11.325
2010-07-01 13:30,11,10.125
2010-07-01 13:30,13,8.645
2010-07-01 13:30,15,7.825
2010-07-01 13:30,18,6.795
2010-07-01 13:40,0.01,21.185
2010-07-01 13:40,0.5,21.135
2010-07-01 13:40,1,21.185
2010-07-01 13:40,1.5,21.085
2010-07-01 13:40,2,21.105
2010-07-01 13:40,2.5,21.185
2010-07-01 13:40,3,21.165
2010-07-01 13:40,3.5,21.045
2010-07-01 13:40,4,20.995
2010-07-01 13:40,4.5,20.715
2010-07-01 13:40,5,19.865
2010-07-01 13:40,6,18.685
2010-07-01 13:40,7,15.385
2010-07-01 13:40,8,13.545
2010-07-01 13:40,9,12.275
2010-07-01 13:40,10,11.455
2010-07-01 13:40,11,10.185
2010-07-01 13:40,13,8.645
2010-07-01 13:40,15,7.895
2010-07-01 13:40,18,6.795
2010-07-01 13:50,0.01,21.185
2010-07-01 13:50,0.5,21.135
2010-07-01 13:50,1,21.185
2010-07-01 13:50,1.5,21.085
2010-07-01 13:50,2,21.105
2010-07-01 13:50,2.5,21.185
2010-07-01 13:50,3,21.225
2010-07-01 13:50,3.5,21.045
2010-07-01 13:50,4,21.055
2010-07-01 13:50,4.5,20.645
2010-07-01 13:50,5,19.795
2010-07-01 13:50,6,18.745
2010-07-01 13:50,7,15.265
2010-07-01 13:50,8,13.295
2010-07-01 13:50,9,12.275
2010-07-01 13:50,10,11.515
2010-07-01 13:50,11,10.375
2010-07-01 13:50,13,8.645
2010-07-01 13:50,15,7.895
2010-07-01 13:50,18,6.795
2010-07-01 14:00,0.01,21.185
2010-07-01 14:00,0.5,21.135
2010-07-01 14:00,1,21.185
2010-07-01 14:00,1.5,21.085
2010-07-01 14:00,2,21.105
2010-07-01 14:00,2.5,21.245
2010-07-01 14:00,3,21.225
2010-07-01 14:00,3.5,21.045
2010-07-01 14:00,4,20.995
2010-07-01 14:00,4.5,20.645
2010-07-01 14:00,5,19.865
2010-07-01 14:00,6,18.685
2010-07-01 14:00,7,15.195
2010-07-01 14:00,8,13.355
2010-07-01 14:00,9,12.455
2010-07-01 14:00,10,11.455
2010-07-01 14:00,11,10.375
2010-07-01 14:00,13,8.715
2010-07-01 14:00,15,7.895
2010-07-01 14:00,18,6.795
2010-07-01 14:10,0.01,21.185
2010-07-01 14:10,0.5,21.135
2010-07-01 14:10,1,21.185
2010-07-01 14:10,1.5,21.085
2010-07-01 14:10,2,21.175
2010-07-01 14:10,2.5,21.245
2010-07-01 14:10,3,21.165
2010-07-01 14:10,3.5,21.045
2010-07-01 14:10,4,20.995
2010-07-01 14:10,4.5,20.525
2010-07-01 14:10,5,19.865
2010-07-01 14:10,6,18.685
2010-07-01 14:10,7,15.445
2010-07-01 14:10,8,13.605
2010-07-01 14:10,9,12.455
2010-07-01 14:10,10,11.385
2010-07-01 14:10,11,10.245
2010-07-01 14:10,13,8.835
2010-07-01 14:10,15,7.825
2010-07-01 14:10,18,6.795
2010-07-01 14:20,0.01,21.185
2010-07-01 14:20,0.5,21.135
2010-07-01 14:20,1,21.185
2010-07-01 14:20,1.5,21.155
2010-07-01 14:20,2,21.175
2010-07-01 14:20,2.5,21.245
2010-07-01 14:20,3,21.225
2010-07-01 14:20,3.5,21.045
2010-07-01 14:20,4,21.055
2010-07-01 14:20,4.5,20.465
2010-07-01 14:20,5,19.985
2010-07-01 14:20,6,18.685
2010-07-01 14:20,7,15.445
2010-07-01 14:20,8,13.545
2010-07-01 14:20,9,12.455
2010-07-01 14:20,10,11.385
2010-07-01 14:20,11,10.245
2010-07-01 14:20,13,8.775
2010-07-01 14:20,15,7.825
2010-07-01 14:20,18,6.795
2010-07-01 14:30,0.01,21.255
2010-07-01 14:30,0.5,21.135
2010-07-01 14:30,1,21.185
2010-07-01 14:30,1.5,21.155
2010-07-01 14:30,2,21.175
2010-07-01 14:30,2.5,21.185
2010-07-01 14:30,3,21.165
2010-07-01 14:30,3.5,21.045
2010-07-01 14:30,4,21.115
2010-07-01 14:30,4.5,20.585
2010-07-01 14:30,5,19.925
2010-07-01 14:30,6,18.555
2010-07-01 14:30,7,15.515
2010-07-01 14:30,8,13.605
2010-07-01 14:30,9,12.525
2010-07-01 14:30,10,11.385
2010-07-01 14:30,11,10.245
2010-07-01 14:30,13,8.715
2010-07-01 14:30,15,7.825
2010-07-01 14:30,18,6.795
2010-07-01 14:40,0.01,21.255
2010-07-01 14:40,0.5,21.205
2010-07-01 14:40,1,21.185
2010-07-01 14:40,1.5,21.155
2010-07-01 14:40,2,21.175
2010-07-01 14:40,2.5,21.245
2010-07-01 14:40,3,21.225
2010-07-01 14:40,3.5,21.105
2010-07-01 14:40,4,21.115
2010-07-01 14:40,4.5,20.585
2010-07-01 14:40,5,19.865
2010-07-01 14:40,6,18.615
2010-07-01 14:40,7,15.635
2010-07-01 14:40,8,13.605
2010-07-01 14:40,9,12.525
2010-07-01 14:40,10,11.515
2010-07-01 14:40,11,10.375
2010-07-01 14:40,13,8.715
2010-07-01 14:40,15,7.825
2010-07-01 14:40,18,6.795
2010-07-01 14:50,0.01,21.255
2010-07-01 14:50,0.5,21.205
2010-07-01 14:50,1,21.185
2010-07-01 14:50,1.5,21.155
2010-07-01 14:50,2,21.235
2010-07-01 14:50,2.5,21.245
2010-07-01 14:50,3,21.225
2010-07-01 14:50,3.5,21.105
2010-07-01 14:50,4,21.185
2010-07-01 14:50,4.5,20.715
2010-07-01 14:50,5,20.175
2010-07-01 14:50,6,18.685
2010-07-01 14:50,7,15.575
2010-07-01 14:50,8,13.665
2010-07-01 14:50,9,12.525
2010-07-01 14:50,10,11.515
2010-07-01 14:50,11,10.375
2010-07-01 14:50,13,8.775
2010-07-01 14:50,15,7.825
2010-07-01 14:50,18,6.795
2010-07-01 15:00,0.01,21.255
2010-07-01 15:00,0.5,21.205
2010-07-01 15:00,1,21.185
2010-07-01 15:00,1.5,21.215
2010-07-01 15:00,2,21.235
2010-07-01 15:00,2.5,21.305
2010-07-01 15:00,3,21.225
2010-07-01 15:00,3.5,21.175
2010-07-01 15:00,4,21.185
2010-07-01 15:00,4.5,20.775
2010-07-01 15:00,5,20.115
2010-07-01 15:00,6,18.495
2010-07-01 15:00,7,15.635
2010-07-01 15:00,8,13.665
2010-07-01 15:00,9,12.525
2010-07-01 15:00,10,11.455
2010-07-01 15:00,11,10.375
2010-07-01 15:00,13,8.645
2010-07-01 15:00,15,7.825
2010-07-01 15:00,18,6.795
2010-07-01 15:10,0.01,21.255
2010-07-01 15:10,0.5,21.205
2010-07-01 15:10,1,21.245
2010-07-01 15:10,1.5,21.215
2010-07-01 15:10,2,21.235
2010-07-01 15:10,2.5,21.245
2010-07-01 15:10,3,21.225
2010-07-01 15:10,3.5,21.105
2010-07-01 15:10,4,21.185
2010-07-01 15:10,4.5,20.775
2010-07-01 15:10,5,20.175
2010-07-01 15:10,6,18.305
2010-07-01 15:10,7,15.575
2010-07-01 15:10,8,13.725
2010-07-01 15:10,9,12.525
2010-07-01 15:10,10,11.385
2010-07-01 15:10,11,10.245
2010-07-01 15:10,13,8.645
2010-07-01 15:10,15,7.645
2010-07-01 15:10,18,6.795
2010-07-01 15:20,0.01,21.255
2010-07-01 15:20,0.5,21.205
2010-07-01 15:20,1,21.245
2010-07-01 15:20,1.5,21.215
2010-07-01 15:20,2,21.235
2010-07-01 15:20,2.5,21.305
2010-07-01 15:20,3,21.225
2010-07-01 15:20,3.5,21.175
2010-07-01 15:20,4,21.185
2010-07-01 15:20,4.5,20.835
2010-07-01 15:20,5,20.365
2010-07-01 15:20,6,18.305
2010-07-01 15:20,7,15.825
2010-07-01 15:20,8,13.805
2010-07-01 15:20,9,12.395
2010-07-01 15:20,10,11.135
2010-07-01 15:20,11,10.125
2010-07-01 15:20,13,8.585
2010-07-01 15:20,15,7.645
2010-07-01 15:20,18,6.795
2010-07-01 15:30,0.01,21.255
2010-07-01 15:30,0.5,21.205
2010-07-01 15:30,1,21.245
2010-07-01 15:30,1.5,21.215
2010-07-01 15:30,2,21.235
2010-07-01 15:30,2.5,21.305
2010-07-01 15:30,3,21.225
2010-07-01 15:30,3.5,21.175
2010-07-01 15:30,4,21.115
2010-07-01 15:30,4.5,20.775
2010-07-01 15:30,5,20.365
2010-07-01 15:30,6,18.175
2010-07-01 15:30,7,15.765
2010-07-01 15:30,8,13.725
2010-07-01 15:30,9,12.395
2010-07-01 15:30,10,11.135
2010-07-01 15:30,11,10.185
2010-07-01 15:30,13,8.585
2010-07-01 15:30,15,7.705
2010-07-01 15:30,18,6.795
2010-07-01 15:40,0.01,21.255
2010-07-01 15:40,0.5,21.205
2010-07-01 15:40,1,21.245
2010-07-01 15:40,1.5,21.275
2010-07-01 15:40,2,21.305
2010-07-01 15:40,2.5,21.305
2010-07-01 15:40,3,21.285
2010-07-01 15:40,3.5,21.175
2010-07-01 15:40,4,21.185
2010-07-01 15:40,4.5,20.835
2010-07-01 15:40,5,20.545
2010-07-01 15:40,6,18.175
2010-07-01 15:40,7,15.575
2010-07-01 15:40,8,13.665
2010-07-01 15:40,9,12.525
2010-07-01 15:40,10,11.205
2010-07-01 15:40,11,10.245
2010-07-01 15:40,13,8.525
2010-07-01 15:40,15,7.575
2010-07-01 15:40,18,6.795
2010-07-01 15:50,0.01,21.315
2010-07-01 15:50,0.5,21.265
2010-07-01 15:50,1,21.305
2010-07-01 15:50,1.5,21.275
2010-07-01 15:50,2,21.305
2010-07-01 15:50,2.5,21.365
2010-07-01 15:50,3,21.285
2010-07-01 15:50,3.5,21.235
2010-07-01 15:50,4,21.305
2010-07-01 15:50,4.5,21.025
2010-07-01 15:50,5,20.545
2010-07-01 15:50,6,18.365
2010-07-01 15:50,7,15.635
2010-07-01 15:50,8,13.805
2010-07-01 15:50,9,12.525
2010-07-01 15:50,10,11.205
2010-07-01 15:50,11,10.315
2010-07-01 15:50,13,8.585
2010-07-01 15:50,15,7.515
2010-07-01 15:50,18,6.795
2010-07-01 16:00,0.01,21.315
2010-07-01 16:00,0.5,21.265
2010-07-01 16:00,1,21.305
2010-07-01 16:00,1.5,21.275
2010-07-01 16:00,2,21.305
2010-07-01 16:00,2.5,21.365
2010-07-01 16:00,3,21.345
2010-07-01 16:00,3.5,21.175
2010-07-01 16:00,4,21.245
2010-07-01 16:00,4.5,20.965
2010-07-01 16:00,5,20.745
2010-07-01 16:00,6,18.555
2010-07-01 16:00,7,15.695
2010-07-01 16:00,8,13.725
2010-07-01 16:00,9,12.455
2010-07-01 16:00,10,11.205
2010-07-01 16:00,11,10.375
2010-07-01 16:00,13,8.525
2010-07-01 16:00,15,7.575
2010-07-01 16:00,18,6.795
2010-07-01 16:10,0.01,21.315
2010-07-01 16:10,0.5,21.265
2010-07-01 16:10,1,21.305
2010-07-01 16:10,1.5,21.275
2010-07-01 16:10,2,21.305
2010-07-01 16:10,2.5,21.305
2010-07-01 16:10,3,21.285
2010-07-01 16:10,3.5,21.175
2010-07-01 16:10,4,21.055
2010-07-01 16:10,4.5,20.835
2010-07-01 16:10,5,20.745
2010-07-01 16:10,6,18.365
2010-07-01 16:10,7,15.825
2010-07-01 16:10,8,13.605
2010-07-01 16:10,9,12.455
2010-07-01 16:10,10,11.325
2010-07-01 16:10,11,10.495
2010-07-01 16:10,13,8.525
2010-07-01 16:10,15,7.575
2010-07-01 16:10,18,6.795
2010-07-01 16:20,0.01,21.315
2010-07-01 16:20,0.5,21.265
2010-07-01 16:20,1,21.365
2010-07-01 16:20,1.5,21.335
2010-07-01 16:20,2,21.305
2010-07-01 16:20,2.5,21.305
2010-07-01 16:20,3,21.285
2010-07-01 16:20,3.5,21.045
2010-07-01 16:20,4,20.995
2010-07-01 16:20,4.5,20.835
2010-07-01 16:20,5,20.685
2010-07-01 16:20,6,17.925
2010-07-01 16:20,7,15.635
2010-07-01 16:20,8,13.475
2010-07-01 16:20,9,12.335
2010-07-01 16:20,10,11.265
2010-07-01 16:20,11,10.375
2010-07-01 16:20,13,8.525
2010-07-01 16:20,15,7.575
2010-07-01 16:20,18,6.795
2010-07-01 16:30,0.01,21.315
2010-07-01 16:30,0.5,21.265
2010-07-01 16:30,1,21.365
2010-07-01 16:30,1.5,21.275
2010-07-01 16:30,2,21.305
2010-07-01 16:30,2.5,21.305
2010-07-01 16:30,3,21.285
2010-07-01 16:30,3.5,20.985
2010-07-01 16:30,4,20.935
2010-07-01 16:30,4.5,20.835
2010-07-01 16:30,5,20.745
2010-07-01 16:30,6,18.305
2010-07-01 16:30,7,15.635
2010-07-01 16:30,8,13.475
2010-07-01 16:30,9,12.395
2010-07-01 16:30,10,11.265
2010-07-01 16:30,11,10.245
2010-07-01 16:30,13,8.525
2010-07-01 16:30,15,7.705
2010-07-01 16:30,18,6.795
2010-07-01 16:40,0.01,21.375
2010-07-01 16:40,0.5,21.265
2010-07-01 16:40,1,21.365
2010-07-01 16:40,1.5,21.335
2010-07-01 16:40,2,21.365
2010-07-01 16:40,2.5,21.365
2010-07-01 16:40,3,21.225
2010-07-01 16:40,3.5,20.795
2010-07-01 16:40,4,20.805
2010-07-01 16:40,4.5,20.775
2010-07-01 16:40,5,20.685
2010-07-01 16:40,6,18.495
2010-07-01 16:40,7,15.765
2010-07-01 16:40,8,13.545
2010-07-01 16:40,9,12.455
2010-07-01 16:40,10,11.205
2010-07-01 16:40,11,10.245
2010-07-01 16:40,13,8.465
2010-07-01 16:40,15,7.705
2010-07-01 16:40,18,6.795
2010-07-01 16:50,0.01,21.375
2010-07-01 16:50,0.5,21.325
2010-07-01 16:50,1,21.365
2010-07-01 16:50,1.5,21.335
2010-07-01 16:50,2,21.435
2010-07-01 16:50,2.5,21.365
2010-07-01 16:50,3,21.165
2010-07-01 16:50,3.5,20.855
2010-07-01 16:50,4,20.865
2010-07-01 16:50,4.5,20.715
2010-07-01 16:50,5,20.615
2010-07-01 16:50,6,17.985
2010-07-01 16:50,7,15.695
2010-07-01 16:50,8,13.415
2010-07-01 16:50,9,12.525
2010-07-01 16:50,10,11.205
2010-07-01 16:50,11,10.185
2010-07-01 16:50,13,8.525
2010-07-01 16:50,15,7.765
2010-07-01 16:50,18,6.795
2010-07-01 17:00,0.01,21.375
2010-07-01 17:00,0.5,21.325
2010-07-01 17:00,1,21.365
2010-07-01 17:00,1.5,21.335
2010-07-01 17:00,2,21.365
2010-07-01 17:00,2.5,21.305
2010-07-01 17:00,3,21.095
2010-07-01 17:00,3.5,20.855
2010-07-01 17:00,4,20.935
2010-07-01 17:00,4.5,20.715
2010-07-01 17:00,5,20.615
2010-07-01 17:00,6,17.855
2010-07-01 17:00,7,15.635
2010-07-01 17:00,8,13.545
2010-07-01 17:00,9,12.455
2010-07-01 17:00,10,11.325
2010-07-01 17:00,11,10.315
2010-07-01 17:00,13,8.395
2010-07-01 17:00,15,7.825
2010-07-01 17:00,18,6.795
2010-07-01 17:10,0.01,21.375
2010-07-01 17:10,0.5,21.325
2010-07-01 17:10,1,21.365
2010-07-01 17:10,1.5,21.335
2010-07-01 17:10,2,21.365
2010-07-01 17:10,2.5,21.305
2010-07-01 17:10,3,21.165
2010-07-01 17:10,3.5,20.925
2010-07-01 17:10,4,20.935
2010-07-01 17:10,4.5,20.775
2010-07-01 17:10,5,20.685
2010-07-01 17:10,6,17.855
2010-07-01 17:10,7,15.825
2010-07-01 17:10,8,13.475
2010-07-01 17:10,9,12.525
2010-07-01 17:10,10,11.325
2010-07-01 17:10,11,10.245
2010-07-01 17:10,13,8.395
2010-07-01 17:10,15,7.825
2010-07-01 17:10,18,6.795
2010-07-01 17:20,0.01,21.375
2010-07-01 17:20,0.5,21.325
2010-07-01 17:20,1,21.435
2010-07-01 17:20,1.5,21.405
2010-07-01 17:20,2,21.365
2010-07-01 17:20,2.5,21.365
2010-07-01 17:20,3,21.285
2010-07-01 17:20,3.5,21.045
2010-07-01 17:20,4,21.055
2010-07-01 17:20,4.5,20.835
2010-07-01 17:20,5,20.685
2010-07-01 17:20,6,17.735
2010-07-01 17:20,7,15.885
2010-07-01 17:20,8,13.725
2010-07-01 17:20,9,12.525
2010-07-01 17:20,10,11.325
2010-07-01 17:20,11,10.245
2010-07-01 17:20,13,8.395
2010-07-01 17:20,15,7.955
2010-07-01 17:20,18,6.795
2010-07-01 17:30,0.01,21.375
2010-07-01 17:30,0.5,21.325
2010-07-01 17:30,1,21.435
2010-07-01 17:30,1.5,21.335
2010-07-01 17:30,2,21.365
2010-07-01 17:30,2.5,21.365
2010-07-01 17:30,3,21.285
2010-07-01 17:30,3.5,21.045
2010-07-01 17:30,4,21.055
2010-07-01 17:30,4.5,20.835
2010-07-01 17:30,5,20.615
2010-07-01 17:30,6,17.735
2010-07-01 17:30,7,16.195
2010-07-01 17:30,8,13.665
2010-07-01 17:30,9,12.395
2010-07-01 17:30,10,11.385
2010-07-01 17:30,11,10.185
2010-07-01 17:30,13,8.525
2010-07-01 17:30,15,8.025
2010-07-01 17:30,18,6.795
2010-07-01 17:40,0.01,21.375
2010-07-01 17:40,0.5,21.325
2010-07-01 17:40,1,21.435
2010-07-01 17:40,1.5,21.405
2010-07-01 17:40,2,21.365
2010-07-01 17:40,2.5,21.365
2010-07-01 17:40,3,21.285
2010-07-01 17:40,3.5,21.105
2010-07-01 17:40,4,21.055
2010-07-01 17:40,4.5,20.895
2010-07-01 17:40,5,20.745
2010-07-01 17:40,6,17.855
2010-07-01 17:40,7,16.015
2010-07-01 17:40,8,13.605
2010-07-01 17:40,9,12.455
2010-07-01 17:40,10,11.325
2010-07-01 17:40,11,10.185
2010-07-01 17:40,13,8.525
2010-07-01 17:40,15,8.025
2010-07-01 17:40,18,6.795
2010-07-01 17:50,0.01,21.375
2010-07-01 17:50,0.5,21.385
2010-07-01 17:50,1,21.435
2010-07-01 17:50,1.5,21.335
2010-07-01 17:50,2,21.305
2010-07-01 17:50,2.5,21.305
2010-07-01 17:50,3,21.225
2010-07-01 17:50,3.5,21.045
2010-07-01 17:50,4,21.115
2010-07-01 17:50,4.5,20.965
2010-07-01 17:50,5,20.805
2010-07-01 17:50,6,18.045
2010-07-01 17:50,7,16.195
2010-07-01 17:50,8,13.665
2010-07-01 17:50,9,12.585
2010-07-01 17:50,10,11.515
2010-07-01 17:50,11,10.245
2010-07-01 17:50,13,8.525
2010-07-01 17:50,15,7.895
2010-07-01 17:50,18,6.795
2010-07-01 18:00,0.01,21.375
2010-07-01 18:00,0.5,21.385
2010-07-01 18:00,1,21.365
2010-07-01 18:00,1.5,21.335
2010-07-01 18:00,2,21.365
2010-07-01 18:00,2.5,21.305
2010-07-01 18:00,3,21.225
2010-07-01 18:00,3.5,21.045
2010-07-01 18:00,4,21.055
2010-07-01 18:00,4.5,20.965
2010-07-01 18:00,5,20.805
2010-07-01 18:00,6,18.105
2010-07-01 18:00,7,16.075
2010-07-01 18:00,8,13.605
2010-07-01 18:00,9,12.585
2010-07-01 18:00,10,11.515
2010-07-01 18:00,11,10.315
2010-07-01 18:00,13,8.585
2010-07-01 18:00,15,7.765
2010-07-01 18:00,18,6.795
2010-07-01 18:10,0.01,21.375
2010-07-01 18:10,0.5,21.325
2010-07-01 18:10,1,21.365
2010-07-01 18:10,1.5,21.335
2010-07-01 18:10,2,21.305
2010-07-01 18:10,2.5,21.305
2010-07-01 18:10,3,21.225
2010-07-01 18:10,3.5,21.105
2010-07-01 18:10,4,21.115
2010-07-01 18:10,4.5,20.895
2010-07-01 18:10,5,20.805
2010-07-01 18:10,6,18.175
2010-07-01 18:10,7,15.635
2010-07-01 18:10,8,13.545
2010-07-01 18:10,9,12.525
2010-07-01 18:10,10,11.455
2010-07-01 18:10,11,10.315
2010-07-01 18:10,13,8.525
2010-07-01 18:10,15,7.705
2010-07-01 18:10,18,6.795
2010-07-01 18:20,0.01,21.375
2010-07-01 18:20,0.5,21.325
2010-07-01 18:20,1,21.365
2010-07-01 18:20,1.5,21.275
2010-07-01 18:20,2,21.305
2010-07-01 18:20,2.5,21.305
2010-07-01 18:20,3,21.225
2010-07-01 18:20,3.5,21.175
2010-07-01 18:20,4,21.115
2010-07-01 18:20,4.5,20.965
2010-07-01 18:20,5,20.805
2010-07-01 18:20,6,18.365
2010-07-01 18:20,7,15.825
2010-07-01 18:20,8,13.545
2010-07-01 18:20,9,12.395
2010-07-01 18:20,10,11.385
2010-07-01 18:20,11,10.245
2010-07-01 18:20,13,8.395
2010-07-01 18:20,15,7.705
2010-07-01 18:20,18,6.795
2010-07-01 18:30,0.01,21.375
2010-07-01 18:30,0.5,21.325
2010-07-01 18:30,1,21.365
2010-07-01 18:30,1.5,21.335
2010-07-01 18:30,2,21.305
2010-07-01 18:30,2.5,21.245
2010-07-01 18:30,3,21.225
2010-07-01 18:30,3.5,21.175
2010-07-01 18:30,4,21.185
2010-07-01 18:30,4.5,20.895
2010-07-01 18:30,5,20.805
2010-07-01 18:30,6,18.555
2010-07-01 18:30,7,15.885
2010-07-01 18:30,8,13.605
2010-07-01 18:30,9,12.335
2010-07-01 18:30,10,11.385
2010-07-01 18:30,11,10.375
2010-07-01 18:30,13,8.395
2010-07-01 18:30,15,7.705
2010-07-01 18:30,18,6.795
2010-07-01 18:40,0.01,21.375
2010-07-01 18:40,0.5,21.325
2010-07-01 18:40,1,21.365
2010-07-01 18:40,1.5,21.275
2010-07-01 18:40,2,21.305
2010-07-01 18:40,2.5,21.305
2010-07-01 18:40,3,21.285
2010-07-01 18:40,3.5,21.175
2010-07-01 18:40,4,21.245
2010-07-01 18:40,4.5,20.895
2010-07-01 18:40,5,20.745
2010-07-01 18:40,6,18.685
2010-07-01 18:40,7,15.945
2010-07-01 18:40,8,13.475
2010-07-01 18:40,9,12.335
2010-07-01 18:40,10,11.455
2010-07-01 18:40,11,10.245
2010-07-01 18:40,13,8.395
2010-07-01 18:40,15,7.765
2010-07-01 18:40,18,6.795
2010-07-01 18:50,0.01,21.375
2010-07-01 18:50,0.5,21.325
2010-07-01 18:50,1,21.305
2010-07-01 18:50,1.5,21.275
2010-07-01 18:50,2,21.235
2010-07-01 18:50,2.5,21.305
2010-07-01 18:50,3,21.285
2010-07-01 18:50,3.5,21.175
2010-07-01 18:50,4,21.245
2010-07-01 18:50,4.5,20.895
2010-07-01 18:50,5,20.745
2010-07-01 18:50,6,18.805
2010-07-01 18:50,7,15.765
2010-07-01 18:50,8,13.355
2010-07-01 18:50,9,12.335
2010-07-01 18:50,10,11.385
2010-07-01 18:50,11,10.315
2010-07-01 18:50,13,8.465
2010-07-01 18:50,15,7.765
2010-07-01 18:50,18,6.795
2010-07-01 19:00,0.01,21.315
2010-07-01 19:00,0.5,21.325
2010-07-01 19:00,1,21.365
2010-07-01 19:00,1.5,21.275
2010-07-01 19:00,2,21.305
2010-07-01 19:00,2.5,21.305
2010-07-01 19:00,3,21.285
2010-07-01 19:00,3.5,21.175
2010-07-01 19:00,4,21.115
2010-07-01 19:00,4.5,20.895
2010-07-01 19:00,5,20.745
2010-07-01 19:00,6,18.995
2010-07-01 19:00,7,16.015
2010-07-01 19:00,8,13.295
2010-07-01 19:00,9,12.395
2010-07-01 19:00,10,11.385
2010-07-01 19:00,11,10.185
2010-07-01 19:00,13,8.465
2010-07-01 19:00,15,7.765
2010-07-01 19:00,18,6.795
2010-07-01 19:10,0.01,21.315
2010-07-01 19:10,0.5,21.325
2010-07-01 19:10,1,21.365
2010-07-01 19:10,1.5,21.275
2010-07-01 19:10,2,21.305
2010-07-01 19:10,2.5,21.305
2010-07-01 19:10,3,21.285
2010-07-01 19:10,3.5,21.175
2010-07-01 19:10,4,21.055
2010-07-01 19:10,4.5,20.895
2010-07-01 19:10,5,20.685
2010-07-01 19:10,6,19.115
2010-07-01 19:10,7,15.945
2010-07-01 19:10,8,13.225
2010-07-01 19:10,9,12.275
2010-07-01 19:10,10,11.325
2010-07-01 19:10,11,10.125
2010-07-01 19:10,13,8.465
2010-07-01 19:10,15,7.705
2010-07-01 19:10,18,6.795
2010-07-01 19:20,0.01,21.375
2010-07-01 19:20,0.5,21.325
2010-07-01 19:20,1,21.365
2010-07-01 19:20,1.5,21.275
2010-07-01 19:20,2,21.235
2010-07-01 19:20,2.5,21.305
2010-07-01 19:20,3,21.285
2010-07-01 19:20,3.5,21.045
2010-07-01 19:20,4,20.995
2010-07-01 19:20,4.5,20.775
2010-07-01 19:20,5,20.615
2010-07-01 19:20,6,19.365
2010-07-01 19:20,7,15.635
2010-07-01 19:20,8,13.165
2010-07-01 19:20,9,12.205
2010-07-01 19:20,10,11.325
2010-07-01 19:20,11,10.185
2010-07-01 19:20,13,8.525
2010-07-01 19:20,15,7.705
2010-07-01 19:20,18,6.795
2010-07-01 19:30,0.01,21.315
2010-07-01 19:30,0.5,21.325
2010-07-01 19:30,1,21.365
2010-07-01 19:30,1.5,21.275
2010-07-01 19:30,2,21.235
2010-07-01 19:30,2.5,21.305
2010-07-01 19:30,3,21.285
2010-07-01 19:30,3.5,20.985
2010-07-01 19:30,4,20.935
2010-07-01 19:30,4.5,20.715
2010-07-01 19:30,5,20.615
2010-07-01 19:30,6,19.555
2010-07-01 19:30,7,15.575
2010-07-01 19:30,8,13.165
2010-07-01 19:30,9,12.275
2010-07-01 19:30,10,11.325
2010-07-01 19:30,11,10.125
2010-07-01 19:30,13,8.585
2010-07-01 19:30,15,7.705
2010-07-01 19:30,18,6.795
2010-07-01 19:40,0.01,21.315
2010-07-01 19:40,0.5,21.265
2010-07-01 19:40,1,21.305
2010-07-01 19:40,1.5,21.275
2010-07-01 19:40,2,21.235
2010-07-01 19:40,2.5,21.305
2010-07-01 19:40,3,21.285
2010-07-01 19:40,3.5,21.045
2010-07-01 19:40,4,20.995
2010-07-01 19:40,4.5,20.775
2010-07-01 19:40,5,20.615
2010-07-01 19:40,6,19.805
2010-07-01 19:40,7,15.575
2010-07-01 19:40,8,13.225
2010-07-01 19:40,9,12.335
2010-07-01 19:40,10,11.265
2010-07-01 19:40,11,10.185
2010-07-01 19:40,13,8.525
2010-07-01 19:40,15,7.705
2010-07-01 19:40,18,6.795
2010-07-01 19:50,0.01,21.315
2010-07-01 19:50,0.5,21.265
2010-07-01 19:50,1,21.305
2010-07-01 19:50,1.5,21.275
2010-07-01 19:50,2,21.235
2010-07-01 19:50,2.5,21.305
2010-07-01 19:50,3,21.285
2010-07-01 19:50,3.5,21.175
2010-07-01 19:50,4,21.055
2010-07-01 19:50,4.5,20.715
2010-07-01 19:50,5,20.545
2010-07-01 19:50,6,19.745
2010-07-01 19:50,7,15.695
2010-07-01 19:50,8,13.355
2010-07-01 19:50,9,12.275
2010-07-01 19:50,10,11.265
2010-07-01 19:50,11,10.125
2010-07-01 19:50,13,8.585
2010-07-01 19:50,15,7.705
2010-07-01 19:50,18,6.795
2010-07-01 20:00,0.01,21.315
2010-07-01 20:00,0.5,21.325
2010-07-01 20:00,1,21.365
2010-07-01 20:00,1.5,21.275
2010-07-01 20:00,2,21.235
2010-07-01 20:00,2.5,21.305
2010-07-01 20:00,3,21.285
2010-07-01 20:00,3.5,21.105
2010-07-01 20:00,4,21.055
2010-07-01 20:00,4.5,20.835
2010-07-01 20:00,5,20.615
2010-07-01 20:00,6,19.615
2010-07-01 20:00,7,15.635
2010-07-01 20:00,8,13.295
2010-07-01 20:00,9,12.335
2010-07-01 20:00,10,11.325
2010-07-01 20:00,11,10.125
2010-07-01 20:00,13,8.525
2010-07-01 20:00,15,7.705
2010-07-01 20:00,18,6.795
2010-07-01 20:10,0.01,21.315
2010-07-01 20:10,0.5,21.325
2010-07-01 20:10,1,21.305
2010-07-01 20:10,1.5,21.275
2010-07-01 20:10,2,21.235
2010-07-01 20:10,2.5,21.305
2010-07-01 20:10,3,21.285
2010-07-01 20:10,3.5,21.175
2010-07-01 20:10,4,21.055
2010-07-01 20:10,4.5,20.835
2010-07-01 20:10,5,20.545
2010-07-01 20:10,6,19.685
2010-07-01 20:10,7,15.575
2010-07-01 20:10,8,13.355
2010-07-01 20:10,9,12.335
2010-07-01 20:10,10,11.325
2010-07-01 20:10,11,10.185
2010-07-01 20:10,13,8.525
2010-07-01 20:10,15,7.705
2010-07-01 20:10,18,6.795
2010-07-01 20:20,0.01,21.315
2010-07-01 20:20,0.5,21.325
2010-07-01 20:20,1,21.365
2010-07-01 20:20,1.5,21.275
2010-07-01 20:20,2,21.235
2010-07-01 20:20,2.5,21.365
2010-07-01 20:20,3,21.285
2010-07-01 20:20,3.5,21.175
2010-07-01 20:20,4,21.055
2010-07-01 20:20,4.5,20.775
2010-07-01 20:20,5,20.545
2010-07-01 20:20,6,19.555
2010-07-01 20:20,7,15.575
2010-07-01 20:20,8,13.355
2010-07-01 20:20,9,12.335
2010-07-01 20:20,10,11.265
2010-07-01 20:20,11,10.185
2010-07-01 20:20,13,8.525
2010-07-01 20:20,15,7.705
2010-07-01 20:20,18,6.795
2010-07-01 20:30,0.01,21.315
2010-07-01 20:30,0.5,21.325
2010-07-01 20:30,1,21.365
2010-07-01 20:30,1.5,21.275
2010-07-01 20:30,2,21.305
2010-07-01 20:30,2.5,21.365
2010-07-01 20:30,3,21.285
2010-07-01 20:30,3.5,21.105
2010-07-01 20:30,4,21.115
2010-07-01 20:30,4.5,20.895
2010-07-01 20:30,5,20.545
2010-07-01 20:30,6,19.495
2010-07-01 20:30,7,15.575
2010-07-01 20:30,8,13.295
2010-07-01 20:30,9,12.275
2010-07-01 20:30,10,11.205
2010-07-01 20:30,11,10.125
2010-07-01 20:30,13,8.585
2010-07-01 20:30,15,7.705
2010-07-01 20:30,18,6.795
2010-07-01 20:40,0.01,21.315
2010-07-01 20:40,0.5,21.325
2010-07-01 20:40,1,21.305
2010-07-01 20:40,1.5,21.275
2010-07-01 20:40,2,21.235
2010-07-01 20:40,2.5,21.305
2010-07-01 20:40,3,21.345
2010-07-01 20:40,3.5,21.235
2010-07-01 20:40,4,21.055
2010-07-01 20:40,4.5,20.895
2010-07-01 20:40,5,20.615
2010-07-01 20:40,6,19.615
2010-07-01 20:40,7,15.575
2010-07-01 20:40,8,13.295
2010-07-01 20:40,9,12.275
2010-07-01 20:40,10,11.205
2010-07-01 20:40,11,10.245
2010-07-01 20:40,13,8.645
2010-07-01 20:40,15,7.705
2010-07-01 20:40,18,6.795
2010-07-01 20:50,0.01,21.315
2010-07-01 20:50,0.5,21.265
2010-07-01 20:50,1,21.305
2010-07-01 20:50,1.5,21.275
2010-07-01 20:50,2,21.235
2010-07-01 20:50,2.5,21.305
2010-07-01 20:50,3,21.285
2010-07-01 20:50,3.5,21.235
2010-07-01 20:50,4,21.185
2010-07-01 20:50,4.5,20.895
2010-07-01 20:50,5,20.685
2010-07-01 20:50,6,19.615
2010-07-01 20:50,7,15.635
2010-07-01 20:50,8,13.225
2010-07-01 20:50,9,12.335
2010-07-01 20:50,10,11.265
2010-07-01 20:50,11,10.245
2010-07-01 20:50,13,8.715
2010-07-01 20:50,15,7.705
2010-07-01 20:50,18,6.795
2010-07-01 21:00,0.01,21.315
2010-07-01 21:00,0.5,21.265
2010-07-01 21:00,1,21.305
2010-07-01 21:00,1.5,21.215
2010-07-01 21:00,2,21.235
2010-07-01 21:00,2.5,21.305
2010-07-01 21:00,3,21.285
2010-07-01 21:00,3.5,21.175
2010-07-01 21:00,4,21.055
2010-07-01 21:00,4.5,20.895
2010-07-01 21:00,5,20.685
2010-07-01 21:00,6,19.745
2010-07-01 21:00,7,15.635
2010-07-01 21:00,8,13.225
2010-07-01 21:00,9,12.275
2010-07-01 21:00,10,11.265
2010-07-01 21:00,11,10.185
2010-07-01 21:00,13,8.715
2010-07-01 21:00,15,7.705
2010-07-01 21:00,18,6.795
2010-07-01 21:10,0.01,21.255
2010-07-01 21:10,0.5,21.265
2010-07-01 21:10,1,21.305
2010-07-01 21:10,1.5,21.215
2010-07-01 21:10,2,21.175
2010-07-01 21:10,2.5,21.185
2010-07-01 21:10,3,21.225
2010-07-01 21:10,3.5,21.175
2010-07-01 21:10,4,21.115
2010-07-01 21:10,4.5,20.895
2010-07-01 21:10,5,20.685
2010-07-01 21:10,6,19.615
2010-07-01 21:10,7,15.195
2010-07-01 21:10,8,13.165
2010-07-01 21:10,9,12.335
2010-07-01 21:10,10,11.265
2010-07-01 21:10,11,10.185
2010-07-01 21:10,13,8.775
2010-07-01 21:10,15,7.705
2010-07-01 21:10,18,6.795
2010-07-01 21:20,0.01,21.255
2010-07-01 21:20,0.5,21.265
2010-07-01 21:20,1,21.305
2010-07-01 21:20,1.5,21.215
2010-07-01 21:20,2,21.235
2010-07-01 21:20,2.5,21.245
2010-07-01 21:20,3,21.225
2010-07-01 21:20,3.5,21.105
2010-07-01 21:20,4,21.115
2010-07-01 21:20,4.5,20.895
2010-07-01 21:20,5,20.545
2010-07-01 21:20,6,19.555
2010-07-01 21:20,7,15.195
2010-07-01 21:20,8,13.225
2010-07-01 21:20,9,12.335
2010-07-01 21:20,10,11.265
2010-07-01 21:20,11,10.125
2010-07-01 21:20,13,8.775
2010-07-01 21:20,15,7.705
2010-07-01 21:20,18,6.795
2010-07-01 21:30,0.01,21.315
2010-07-01 21:30,0.5,21.265
2010-07-01 21:30,1,21.305
2010-07-01 21:30,1.5,21.275
2010-07-01 21:30,2,21.235
2010-07-01 21:30,2.5,21.245
2010-07-01 21:30,3,21.225
2010-07-01 21:30,3.5,21.105
2010-07-01 21:30,4,21.185
2010-07-01 21:30,4.5,20.895
2010-07-01 21:30,5,20.615
2010-07-01 21:30,6,19.435
2010-07-01 21:30,7,15.135
2010-07-01 21:30,8,13.295
2010-07-01 21:30,9,12.275
2010-07-01 21:30,10,11.265
2010-07-01 21:30,11,10.245
2010-07-01 21:30,13,8.835
2010-07-01 21:30,15,7.705
2010-07-01 21:30,18,6.795
2010-07-01 21:40,0.01,21.315
2010-07-01 21:40,0.5,21.265
2010-07-01 21:40,1,21.305
2010-07-01 21:40,1.5,21.215
2010-07-01 21:40,2,21.235
2010-07-01 21:40,2.5,21.305
2010-07-01 21:40,3,21.165
2010-07-01 21:40,3.5,21.105
2010-07-01 21:40,4,21.115
2010-07-01 21:40,4.5,20.895
2010-07-01 21:40,5,20.615
2010-07-01 21:40,6,19.495
2010-07-01 21:40,7,15.195
2010-07-01 21:40,8,13.165
2010-07-01 21:40,9,12.275
2010-07-01 21:40,10,11.205
2010-07-01 21:40,11,10.315
2010-07-01 21:40,13,8.835
2010-07-01 21:40,15,7.705
2010-07-01 21:40,18,6.795
2010-07-01 21:50,0.01,21.315
2010-07-01 21:50,0.5,21.265
2010-07-01 21:50,1,21.305
2010-07-01 21:50,1.5,21.215
2010-07-01 21:50,2,21.235
2010-07-01 21:50,2.5,21.305
2010-07-01 21:50,3,21.165
2010-07-01 21:50,3.5,21.105
2010-07-01 21:50,4,21.185
2010-07-01 21:50,4.5,20.895
2010-07-01 21:50,5,20.545
2010-07-01 21:50,6,19.685
2010-07-01 21:50,7,15.195
2010-07-01 21:50,8,13.225
2010-07-01 21:50,9,12.335
2010-07-01 21:50,10,11.265
2010-07-01 21:50,11,10.185
2010-07-01 21:50,13,8.775
2010-07-01 21:50,15,7.765
2010-07-01 21:50,18,6.795
2010-07-01 22:00,0.01,21.315
2010-07-01 22:00,0.5,21.265
2010-07-01 22:00,1,21.305
2010-07-01 22:00,1.5,21.215
2010-07-01 22:00,2,21.235
2010-07-01 22:00,2.5,21.305
2010-07-01 22:00,3,21.285
2010-07-01 22:00,3.5,21.105
2010-07-01 22:00,4,21.185
2010-07-01 22:00,4.5,20.895
2010-07-01 22:00,5,20.485
2010-07-01 22:00,6,19.865
2010-07-01 22:00,7,15.135
2010-07-01 22:00,8,13.225
2010-07-01 22:00,9,12.335
2010-07-01 22:00,10,11.385
2010-07-01 22:00,11,10.185
2010-07-01 22:00,13,8.775
2010-07-01 22:00,15,7.705
2010-07-01 22:00,18,6.795
2010-07-01 22:10,0.01,21.255
2010-07-01 22:10,0.5,21.265
2010-07-01 22:10,1,21.305
2010-07-01 22:10,1.5,21.215
2010-07-01 22:10,2,21.235
2010-07-01 22:10,2.5,21.305
2010-07-01 22:10,3,21.285
2010-07-01 22:10,3.5,21.045
2010-07-01 22:10,4,21.185
2010-07-01 22:10,4.5,20.835
2010-07-01 22:10,5,20.485
2010-07-01 22:10,6,19.865
2010-07-01 22:10,7,14.945
2010-07-01 22:10,8,13.415
2010-07-01 22:10,9,12.335
2010-07-01 22:10,10,11.385
2010-07-01 22:10,11,10.185
2010-07-01 22:10,13,8.775
2010-07-01 22:10,15,7.705
2010-07-01 22:10,18,6.795
2010-07-01 22:20,0.01,21.255
2010-07-01 22:20,0.5,21.265
2010-07-01 22:20,1,21.305
2010-07-01 22:20,1.5,21.215
2010-07-01 22:20,2,21.235
2010-07-01 22:20,2.5,21.305
2010-07-01 22:20,3,21.285
2010-07-01 22:20,3.5,21.045
2010-07-01 22:20,4,21.115
2010-07-01 22:20,4.5,20.895
2010-07-01 22:20,5,20.425
2010-07-01 22:20,6,19.495
2010-07-01 22:20,7,15.075
2010-07-01 22:20,8,13.355
2010-07-01 22:20,9,12.335
2010-07-01 22:20,10,11.385
2010-07-01 22:20,11,10.245
2010-07-01 22:20,13,8.835
2010-07-01 22:20,15,7.705
2010-07-01 22:20,18,6.795
2010-07-01 22:30,0.01,21.255
2010-07-01 22:30,0.5,21.265
2010-07-01 22:30,1,21.305
2010-07-01 22:30,1.5,21.215
2010-07-01 22:30,2,21.175
2010-07-01 22:30,2.5,21.305
2010-07-01 22:30,3,21.285
2010-07-01 22:30,3.5,21.045
2010-07-01 22:30,4,21.115
2010-07-01 22:30,4.5,20.895
2010-07-01 22:30,5,20.485
2010-07-01 22:30,6,19.495
2010-07-01 22:30,7,14.945
2010-07-01 22:30,8,13.295
2010-07-01 22:30,9,12.275
2010-07-01 22:30,10,11.385
2010-07-01 22:30,11,10.315
2010-07-01 22:30,13,8.835
2010-07-01 22:30,15,7.765
2010-07-01 22:30,18,6.795
2010-07-01 22:40,0.01,21.255
2010-07-01 22:40,0.5,21.265
2010-07-01 22:40,1,21.245
2010-07-01 22:40,1.5,21.215
2010-07-01 22:40,2,21.175
2010-07-01 22:40,2.5,21.305
2010-07-01 22:40,3,21.285
2010-07-01 22:40,3.5,21.045
2010-07-01 22:40,4,21.115
2010-07-01 22:40,4.5,20.895
2010-07-01 22:40,5,20.615
2010-07-01 22:40,6,19.495
2010-07-01 22:40,7,14.945
2010-07-01 22:40,8,13.355
2010-07-01 22:40,9,12.395
2010-07-01 22:40,10,11.385
2010-07-01 22:40,11,10.375
2010-07-01 22:40,13,8.775
2010-07-01 22:40,15,7.765
2010-07-01 22:40,18,6.795
2010-07-01 22:50,0.01,21.255
2010-07-01 22:50,0.5,21.205
2010-07-01 22:50,1,21.245
2010-07-01 22:50,1.5,21.215
2010-07-01 22:50,2,21.175
2010-07-01 22:50,2.5,21.245
2010-07-01 22:50,3,21.285
2010-07-01 22:50,3.5,21.045
2010-07-01 22:50,4,21.115
2010-07-01 22:50,4.5,20.895
2010-07-01 22:50,5,20.545
2010-07-01 22:50,6,19.495
2010-07-01 22:50,7,15.135
2010-07-01 22:50,8,13.295
2010-07-01 22:50,9,12.455
2010-07-01 22:50,10,11.455
2010-07-01 22:50,11,10.375
2010-07-01 22:50,13,8.715
2010-07-01 22:50,15,7.765
2010-07-01 22:50,18,6.795
2010-07-01 23:00,0.01,21.255
2010-07-01 23:00,0.5,21.265
2010-07-01 23:00,1,21.245
2010-07-01 23:00,1.5,21.215
2010-07-01 23:00,2,21.175
2010-07-01 23:00,2.5,21.305
2010-07-01 23:00,3,21.285
2010-07-01 23:00,3.5,21.045
2010-07-01 23:00,4,21.115
2010-07-01 23:00,4.5,20.965
2010-07-01 23:00,5,20.545
2010-07-01 23:00,6,19.365
2010-07-01 23:00,7,15.265
2010-07-01 23:00,8,13.475
2010-07-01 23:00,9,12.585
2010-07-01 23:00,10,11.455
2010-07-01 23:00,11,10.315
2010-07-01 23:00,13,8.775
2010-07-01 23:00,15,7.765
2010-07-01 23:00,18,6.795
2010-07-01 23:10,0.01,21.255
2010-07-01 23:10,0.5,21.205
2010-07-01 23:10,1,21.245
2010-07-01 23:10,1.5,21.215
2010-07-01 23:10,2,21.175
2010-07-01 23:10,2.5,21.245
2010-07-01 23:10,3,21.225
2010-07-01 23:10,3.5,21.045
2010-07-01 23:10,4,21.115
2010-07-01 23:10,4.5,20.895
2010-07-01 23:10,5,20.545
2010-07-01 23:10,6,19.245
2010-07-01 23:10,7,15.445
2010-07-01 23:10,8,13.545
2010-07-01 23:10,9,12.585
2010-07-01 23:10,10,11.515
2010-07-01 23:10,11,10.315
2010-07-01 23:10,13,8.775
2010-07-01 23:10,15,7.765
2010-07-01 23:10,18,6.795
2010-07-01 23:20,0.01,21.185
2010-07-01 23:20,0.5,21.205
2010-07-01 23:20,1,21.245
2010-07-01 23:20,1.5,21.155
2010-07-01 23:20,2,21.175
2010-07-01 23:20,2.5,21.245
2010-07-01 23:20,3,21.165
2010-07-01 23:20,3.5,20.985
2010-07-01 23:20,4,21.115
2010-07-01 23:20,4.5,20.895
2010-07-01 23:20,5,20.545
2010-07-01 23:20,6,19.495
2010-07-01 23:20,7,15.445
2010-07-01 23:20,8,13.355
2010-07-01 23:20,9,12.525
2010-07-01 23:20,10,11.515
2010-07-01 23:20,11,10.375
2010-07-01 23:20,13,8.715
2010-07-01 23:20,15,7.705
2010-07-01 23:20,18,6.795
2010-07-01 23:30,0.01,21.185
2010-07-01 23:30,0.5,21.205
2010-07-01 23:30,1,21.245
2010-07-01 23:30,1.5,21.155
2010-07-01 23:30,2,21.175
2010-07-01 23:30,2.5,21.185
2010-07-01 23:30,3,21.165
2010-07-01 23:30,3.5,21.045
2010-07-01 23:30,4,21.115
2010-07-01 23:30,4.5,20.965
2010-07-01 23:30,5,20.545
2010-07-01 23:30,6,19.495
2010-07-01 23:30,7,15.385
2010-07-01 23:30,8,13.355
2010-07-01 23:30,9,12.585
2010-07-01 23:30,10,11.575
2010-07-01 23:30,11,10.435
2010-07-01 23:30,13,8.645
2010-07-01 23:30,15,7.705
2010-07-01 23:30,18,6.795
2010-07-01 23:40,0.01,21.185
2010-07-01 23:40,0.5,21.205
2010-07-01 23:40,1,21.245
2010-07-01 23:40,1.5,21.155
2010-07-01 23:40,2,21.105
2010-07-01 23:40,2.5,21.185
2010-07-01 23:40,3,21.165
2010-07-01 23:40,3.5,21.045
2010-07-01 23:40,4,21.055
2010-07-01 23:40,4.5,20.895
2010-07-01 23:40,5,20.485
2010-07-01 23:40,6,19.115
2010-07-01 23:40,7,15.635
2010-07-01 23:40,8,13.355
2010-07-01 23:40,9,12.645
2010-07-01 23:40,10,11.645
2010-07-01 23:40,11,10.495
2010-07-01 23:40,13,8.645
2010-07-01 23:40,15,7.765
2010-07-01 23:40,18,6.795
2010-07-01 23:50,0.01,21.185
2010-07-01 23:50,0.5,21.135
2010-07-01 23:50,1,21.185
2010-07-01 23:50,1.5,21.155
2010-07-01 23:50,2,21.105
2010-07-01 23:50,2.5,21.185
2010-07-01 23:50,3,21.095
2010-07-01 23:50,3.5,21.045
2010-07-01 23:50,4,21.115
2010-07-01 23:50,4.5,20.895
2010-07-01 23:50,5,20.485
2010-07-01 23:50,6,19.245
2010-07-01 23:50,7,15.515
2010-07-01 23:50,8,13.355
2010-07-01 23:50,9,12.705
2010-07-01 23:50,10,11.575
2010-07-01 23:50,11,10.495
2010-07-01 23:50,13,8.525
2010-07-01 23:50,15,7.765
2010-07-01 23:50,18,6.795
