datetime,depth,temp
2015-06-25 12:00:00,0,23.51007005
2015-06-25 12:00:00,0.5,23.35485114
2015-06-25 12:00:00,1,23.18049037
2015-06-25 12:00:00,1.5,22.98698774
2015-06-25 12:00:00,2,21.65583187
2015-06-25 12:00:00,3,22.39509632
2015-06-25 12:00:00,4,22.18380035
2015-06-25 12:00:00,5,22.85036778
2015-06-25 12:00:00,6,21.08788091
2015-06-25 12:00:00,7,20.45931699
2015-06-25 12:00:00,8,19.51938704
2015-06-25 12:00:00,9,17.47488616
2015-06-25 12:00:00,10,15.9330648
2015-06-25 12:00:00,11,14.29201401
2015-06-25 12:00:00,12,13.43856392
2015-06-25 12:00:00,13,13.02691769
2015-06-25 12:00:00,14,12.62954466
2015-06-25 12:00:00,15,11.72872154
2015-06-25 12:00:00,16,11.1637303
2015-06-25 12:00:00,17,10.77443082
2015-06-25 12:00:00,18,10.39649737
2015-06-25 12:00:00,19,10.1
2015-06-25 12:00:00,20,10.02194396
2015-06-26 12:00:00,0,22.47056289
2015-06-26 12:00:00,0.5,22.51229326
2015-06-26 12:00:00,1,22.51072967
2015-06-26 12:00:00,1.5,22.50489924
2015-06-26 12:00:00,2,21.7714385
2015-06-26 12:00:00,3,22.4475886
2015-06-26 12:00:00,4,22.26407227
2015-06-26 12:00:00,5,22.49425295
2015-06-26 12:00:00,6,20.98075747
2015-06-26 12:00:00,7,20.22933982
2015-06-26 12:00:00,8,19.44386379
2015-06-26 12:00:00,9,17.68533704
2015-06-26 12:00:00,10,15.29273106
2015-06-26 12:00:00,11,14.04496873
2015-06-26 12:00:00,12,13.26653231
2015-06-26 12:00:00,13,12.70660876
2015-06-26 12:00:00,14,12.26295344
2015-06-26 12:00:00,15,11.58309937
2015-06-26 12:00:00,16,10.9947533
2015-06-26 12:00:00,17,10.62325921
2015-06-26 12:00:00,18,10.27877693
2015-06-26 12:00:00,19,10.03781098
2015-06-26 12:00:00,20,9.965726199
2015-06-27 12:00:00,0,22.86146528
2015-06-27 12:00:00,0.5,22.89490972
2015-06-27 12:00:00,1,22.85584028
2015-06-27 12:00:00,1.5,22.7856875
2015-06-27 12:00:00,2,21.97829861
2015-06-27 12:00:00,3,22.4503125
2015-06-27 12:00:00,4,22.20863194
2015-06-27 12:00:00,5,22.67680556
2015-06-27 12:00:00,6,21.64311111
2015-06-27 12:00:00,7,20.89204167
2015-06-27 12:00:00,8,20.01352778
2015-06-27 12:00:00,9,18.20684722
2015-06-27 12:00:00,10,15.98490972
2015-06-27 12:00:00,11,14.48649306
2015-06-27 12:00:00,12,12.98459028
2015-06-27 12:00:00,13,12.32211111
2015-06-27 12:00:00,14,11.90170833
2015-06-27 12:00:00,15,11.43744444
2015-06-27 12:00:00,16,10.95816667
2015-06-27 12:00:00,17,10.54997222
2015-06-27 12:00:00,18,10.24803472
2015-06-27 12:00:00,19,10.07890278
2015-06-27 12:00:00,20,10.00594444
2015-06-28 12:00:00,0,22.54135417
2015-06-28 12:00:00,0.5,22.58332639
2015-06-28 12:00:00,1,22.58358333
2015-06-28 12:00:00,1.5,22.58177778
2015-06-28 12:00:00,2,21.98311111
2015-06-28 12:00:00,3,22.54768056
2015-06-28 12:00:00,4,22.34099306
2015-06-28 12:00:00,5,22.57647917
2015-06-28 12:00:00,6,21.32872917
2015-06-28 12:00:00,7,20.63567361
2015-06-28 12:00:00,8,19.28373611
2015-06-28 12:00:00,9,17.33579861
2015-06-28 12:00:00,10,15.38338194
2015-06-28 12:00:00,11,14.21138889
2015-06-28 12:00:00,12,13.32250694
2015-06-28 12:00:00,13,12.76598611
2015-06-28 12:00:00,14,11.96995139
2015-06-28 12:00:00,15,11.46511111
2015-06-28 12:00:00,16,11.04890972
2015-06-28 12:00:00,17,10.66468056
2015-06-28 12:00:00,18,10.3518125
2015-06-28 12:00:00,19,10.1275625
2015-06-28 12:00:00,20,10.02263194
2015-06-29 12:00:00,0,22.8493125
2015-06-29 12:00:00,0.5,22.63071577
2015-06-29 12:00:00,1,22.53056289
2015-06-29 12:00:00,1.5,22.43116748
2015-06-29 12:00:00,2,21.81414177
2015-06-29 12:00:00,3,22.06675469
2015-06-29 12:00:00,4,21.97858235
2015-06-29 12:00:00,5,22.31396528
2015-06-29 12:00:00,6,21.3884375
2015-06-29 12:00:00,7,20.77497917
2015-06-29 12:00:00,8,19.72302778
2015-06-29 12:00:00,9,17.82586806
2015-06-29 12:00:00,10,15.99490972
2015-06-29 12:00:00,11,14.38604861
2015-06-29 12:00:00,12,13.59386111
2015-06-29 12:00:00,13,13.05408333
2015-06-29 12:00:00,14,12.37481944
2015-06-29 12:00:00,15,11.60030556
2015-06-29 12:00:00,16,11.1508125
2015-06-29 12:00:00,17,10.70186111
2015-06-29 12:00:00,18,10.34370833
2015-06-29 12:00:00,19,10.09889583
2015-06-29 12:00:00,20,9.993541667
2015-06-30 12:00:00,0,22.25927778
2015-06-30 12:00:00,0.5,22.29463194
2015-06-30 12:00:00,1,22.29402778
2015-06-30 12:00:00,1.5,22.28928472
2015-06-30 12:00:00,2,22.16457639
2015-06-30 12:00:00,3,22.25054861
2015-06-30 12:00:00,4,22.20352083
2015-06-30 12:00:00,5,22.28157639
2015-06-30 12:00:00,6,22.09748611
2015-06-30 12:00:00,7,21.965
2015-06-30 12:00:00,8,20.94906944
2015-06-30 12:00:00,9,17.86575
2015-06-30 12:00:00,10,15.87890278
2015-06-30 12:00:00,11,14.11093056
2015-06-30 12:00:00,12,13.24191667
2015-06-30 12:00:00,13,12.34653472
2015-06-30 12:00:00,14,11.66519444
2015-06-30 12:00:00,15,11.19720139
2015-06-30 12:00:00,16,10.81046528
2015-06-30 12:00:00,17,10.50880556
2015-06-30 12:00:00,18,10.26251389
2015-06-30 12:00:00,19,10.08753472
2015-06-30 12:00:00,20,9.994902778
2015-07-01 12:00:00,0,22.29785417
2015-07-01 12:00:00,0.5,22.33236806
2015-07-01 12:00:00,1,22.32620833
2015-07-01 12:00:00,1.5,22.31284722
2015-07-01 12:00:00,2,22.17264583
2015-07-01 12:00:00,3,22.24734722
2015-07-01 12:00:00,4,22.20238194
2015-07-01 12:00:00,5,22.29452083
2015-07-01 12:00:00,6,22.12525694
2015-07-01 12:00:00,7,21.79722222
2015-07-01 12:00:00,8,19.85465972
2015-07-01 12:00:00,9,17.08814583
2015-07-01 12:00:00,10,15.46590278
2015-07-01 12:00:00,11,14.158875
2015-07-01 12:00:00,12,13.12934028
2015-07-01 12:00:00,13,12.27406944
2015-07-01 12:00:00,14,11.82263194
2015-07-01 12:00:00,15,11.42834722
2015-07-01 12:00:00,16,11.02665278
2015-07-01 12:00:00,17,10.75110417
2015-07-01 12:00:00,18,10.46601389
2015-07-01 12:00:00,19,10.22585417
2015-07-01 12:00:00,20,10.10901389
2015-07-10 12:00:00,0,24.27303472
2015-07-10 12:00:00,0.5,23.74853472
2015-07-10 12:00:00,1,23.59867361
2015-07-10 12:00:00,1.5,23.47788194
2015-07-10 12:00:00,2,22.10215278
2015-07-10 12:00:00,3,22.49227778
2015-07-10 12:00:00,4,22.19664583
2015-07-10 12:00:00,5,23.29508333
2015-07-10 12:00:00,6,22.01485417
2015-07-10 12:00:00,7,21.72930556
2015-07-10 12:00:00,8,19.69927778
2015-07-10 12:00:00,9,18.16634028
2015-07-10 12:00:00,10,16.42101389
2015-07-10 12:00:00,11,14.85340278
2015-07-10 12:00:00,12,13.6184375
2015-07-10 12:00:00,13,12.4855
2015-07-10 12:00:00,14,11.81633333
2015-07-10 12:00:00,15,11.31792361
2015-07-10 12:00:00,16,10.96563194
2015-07-10 12:00:00,17,10.60593056
2015-07-10 12:00:00,18,10.27074306
2015-07-10 12:00:00,19,10.10702083
2015-07-10 12:00:00,20,10.06990972
2015-07-11 12:00:00,0,23.14943056
2015-07-11 12:00:00,0.5,23.15861111
2015-07-11 12:00:00,1,23.15339583
2015-07-11 12:00:00,1.5,23.13970833
2015-07-11 12:00:00,2,22.37810417
2015-07-11 12:00:00,3,23.01493056
2015-07-11 12:00:00,4,22.77023611
2015-07-11 12:00:00,5,23.12967361
2015-07-11 12:00:00,6,21.98833333
2015-07-11 12:00:00,7,21.09724306
2015-07-11 12:00:00,8,19.47549306
2015-07-11 12:00:00,9,17.86084722
2015-07-11 12:00:00,10,16.46470139
2015-07-11 12:00:00,11,14.825
2015-07-11 12:00:00,12,13.41279167
2015-07-11 12:00:00,13,12.49393056
2015-07-11 12:00:00,14,12.00915972
2015-07-11 12:00:00,15,11.54500694
2015-07-11 12:00:00,16,11.11426389
2015-07-11 12:00:00,17,10.83154861
2015-07-11 12:00:00,18,10.40418056
2015-07-11 12:00:00,19,10.17722222
2015-07-11 12:00:00,20,10.18145833
2015-07-12 12:00:00,0,23.48486806
2015-07-12 12:00:00,0.5,23.4904375
2015-07-12 12:00:00,1,23.43145833
2015-07-12 12:00:00,1.5,23.29582639
2015-07-12 12:00:00,2,22.62213194
2015-07-12 12:00:00,3,22.94502083
2015-07-12 12:00:00,4,22.87073611
2015-07-12 12:00:00,5,23.17466667
2015-07-12 12:00:00,6,22.096875
2015-07-12 12:00:00,7,21.6838125
2015-07-12 12:00:00,8,19.74414583
2015-07-12 12:00:00,9,18.29121528
2015-07-12 12:00:00,10,16.73434722
2015-07-12 12:00:00,11,15.01763889
2015-07-12 12:00:00,12,13.79383333
2015-07-12 12:00:00,13,12.75148611
2015-07-12 12:00:00,14,12.03326389
2015-07-12 12:00:00,15,11.55031944
2015-07-12 12:00:00,16,11.07213889
2015-07-12 12:00:00,17,10.77720833
2015-07-12 12:00:00,18,10.31163889
2015-07-12 12:00:00,19,10.09361111
2015-07-12 12:00:00,20,10.19647917
2015-07-13 12:00:00,0,23.92827778
2015-07-13 12:00:00,0.5,23.90373611
2015-07-13 12:00:00,1,23.84345139
2015-07-13 12:00:00,1.5,23.73417361
2015-07-13 12:00:00,2,23.06291667
2015-07-13 12:00:00,3,23.42438889
2015-07-13 12:00:00,4,23.36342361
2015-07-13 12:00:00,5,23.63243056
2015-07-13 12:00:00,6,22.67982639
2015-07-13 12:00:00,7,22.36535417
2015-07-13 12:00:00,8,20.94184722
2015-07-13 12:00:00,9,18.89373611
2015-07-13 12:00:00,10,17.09986111
2015-07-13 12:00:00,11,15.18053472
2015-07-13 12:00:00,12,13.85656944
2015-07-13 12:00:00,13,13.07344444
2015-07-13 12:00:00,14,12.23445139
2015-07-13 12:00:00,15,11.81179861
2015-07-13 12:00:00,16,11.48554861
2015-07-13 12:00:00,17,11.32060417
2015-07-13 12:00:00,18,10.64121528
2015-07-13 12:00:00,19,10.38327083
2015-07-13 12:00:00,20,10.50152083
2015-07-14 12:00:00,0,23.90704861
2015-07-14 12:00:00,0.5,23.92804861
2015-07-14 12:00:00,1,23.9336875
2015-07-14 12:00:00,1.5,23.93274306
2015-07-14 12:00:00,2,23.85640972
2015-07-14 12:00:00,3,23.92140972
2015-07-14 12:00:00,4,24.05952778
2015-07-14 12:00:00,5,23.98075
2015-07-14 12:00:00,6,23.61853472
2015-07-14 12:00:00,7,23.71510417
2015-07-14 12:00:00,8,22.93774306
2015-07-14 12:00:00,9,20.94027778
2015-07-14 12:00:00,10,18.24449306
2015-07-14 12:00:00,11,15.79254861
2015-07-14 12:00:00,12,14.39544444
2015-07-14 12:00:00,13,13.83838194
2015-07-14 12:00:00,14,12.66211806
2015-07-14 12:00:00,15,12.04038889
2015-07-14 12:00:00,16,11.54847917
2015-07-14 12:00:00,17,11.44007639
2015-07-14 12:00:00,18,10.62401389
2015-07-14 12:00:00,19,10.35434028
2015-07-14 12:00:00,20,10.60761806
2015-07-15 12:00:00,0,24.19219444
2015-07-15 12:00:00,0.5,24.19375694
2015-07-15 12:00:00,1,24.03584028
2015-07-15 12:00:00,1.5,23.71923611
2015-07-15 12:00:00,2,23.43195833
2015-07-15 12:00:00,3,23.52277083
2015-07-15 12:00:00,4,23.66334028
2015-07-15 12:00:00,5,23.67407639
2015-07-15 12:00:00,6,23.26134028
2015-07-15 12:00:00,7,22.03188194
2015-07-15 12:00:00,8,19.98907639
2015-07-15 12:00:00,9,18.4060625
2015-07-15 12:00:00,10,16.72738194
2015-07-15 12:00:00,11,15.20265278
2015-07-15 12:00:00,12,14.34911111
2015-07-15 12:00:00,13,13.98975
2015-07-15 12:00:00,14,12.68740972
2015-07-15 12:00:00,15,11.95592361
2015-07-15 12:00:00,16,11.49847917
2015-07-15 12:00:00,17,11.54049306
2015-07-15 12:00:00,18,10.71354861
2015-07-15 12:00:00,19,10.39786111
2015-07-15 12:00:00,20,10.69286806
2015-07-16 12:00:00,0,23.30579167
2015-07-16 12:00:00,0.5,23.33799306
2015-07-16 12:00:00,1,23.34736806
2015-07-16 12:00:00,1.5,23.34486806
2015-07-16 12:00:00,2,23.29020139
2015-07-16 12:00:00,3,23.341
2015-07-16 12:00:00,4,23.54229861
2015-07-16 12:00:00,5,23.44027778
2015-07-16 12:00:00,6,22.87211111
2015-07-16 12:00:00,7,22.12136806
2015-07-16 12:00:00,8,20.1850625
2015-07-16 12:00:00,9,18.07086806
2015-07-16 12:00:00,10,16.10054861
2015-07-16 12:00:00,11,14.71029861
2015-07-16 12:00:00,12,13.67121528
2015-07-16 12:00:00,13,13.37911111
2015-07-16 12:00:00,14,12.09518056
2015-07-16 12:00:00,15,11.54361111
2015-07-16 12:00:00,16,11.05646528
2015-07-16 12:00:00,17,11.11647917
2015-07-16 12:00:00,18,10.37011806
2015-07-16 12:00:00,19,10.272625
2015-07-16 12:00:00,20,10.69958333
2015-07-17 12:00:00,0,24.35668056
2015-07-17 12:00:00,0.5,24.12036806
2015-07-17 12:00:00,1,23.94549306
2015-07-17 12:00:00,1.5,23.70350694
2015-07-17 12:00:00,2,23.04813889
2015-07-17 12:00:00,3,23.20335417
2015-07-17 12:00:00,4,23.29059722
2015-07-17 12:00:00,5,23.61756944
2015-07-17 12:00:00,6,22.90581944
2015-07-17 12:00:00,7,23.01661806
2015-07-17 12:00:00,8,20.53573611
2015-07-17 12:00:00,9,18.77759028
2015-07-17 12:00:00,10,16.74220833
2015-07-17 12:00:00,11,14.98915972
2015-07-17 12:00:00,12,13.92904861
2015-07-17 12:00:00,13,13.79127083
2015-07-17 12:00:00,14,12.31718056
2015-07-17 12:00:00,15,11.70272917
2015-07-17 12:00:00,16,11.22598611
2015-07-17 12:00:00,17,11.5189375
2015-07-17 12:00:00,18,10.65425694
2015-07-17 12:00:00,19,10.46273611
2015-07-17 12:00:00,20,10.84467361
2015-07-18 12:00:00,0,24.63397917
2015-07-18 12:00:00,0.5,24.609375
2015-07-18 12:00:00,1,24.56905556
2015-07-18 12:00:00,1.5,24.4593125
2015-07-18 12:00:00,2,23.47698611
2015-07-18 12:00:00,3,23.82595833
2015-07-18 12:00:00,4,23.87830556
2015-07-18 12:00:00,5,24.38559028
2015-07-18 12:00:00,6,23.07754861
2015-07-18 12:00:00,7,22.98454861
2015-07-18 12:00:00,8,21.03176389
2015-07-18 12:00:00,9,18.86309028
2015-07-18 12:00:00,10,16.89520139
2015-07-18 12:00:00,11,15.0724375
2015-07-18 12:00:00,12,14.08979167
2015-07-18 12:00:00,13,14.05540278
2015-07-18 12:00:00,14,12.50325
2015-07-18 12:00:00,15,11.92647917
2015-07-18 12:00:00,16,11.51977083
2015-07-18 12:00:00,17,11.76909028
2015-07-18 12:00:00,18,10.70652778
2015-07-18 12:00:00,19,10.48176389
2015-07-18 12:00:00,20,10.93106944
2015-07-19 12:00:00,0,24.95159028
2015-07-19 12:00:00,0.5,24.98604861
2015-07-19 12:00:00,1,25.00834722
2015-07-19 12:00:00,1.5,24.97983333
2015-07-19 12:00:00,2,24.51400694
2015-07-19 12:00:00,3,24.96986806
2015-07-19 12:00:00,4,24.94838194
2015-07-19 12:00:00,5,25.148375
2015-07-19 12:00:00,6,23.97595139
2015-07-19 12:00:00,7,23.62795833
2015-07-19 12:00:00,8,21.31411111
2015-07-19 12:00:00,9,18.88808333
2015-07-19 12:00:00,10,17.06750694
2015-07-19 12:00:00,11,15.07552083
2015-07-19 12:00:00,12,14.08052778
2015-07-19 12:00:00,13,14.20203472
2015-07-19 12:00:00,14,12.50076389
2015-07-19 12:00:00,15,11.79983333
2015-07-19 12:00:00,16,11.33865278
2015-07-19 12:00:00,17,11.70472917
2015-07-19 12:00:00,18,10.58748611
2015-07-19 12:00:00,19,10.36536111
2015-07-19 12:00:00,20,10.8053125
2015-07-02 12:00:00,0,22.10784722
2015-07-02 12:00:00,0.5,22.14176389
2015-07-02 12:00:00,1,22.13536806
2015-07-02 12:00:00,1.5,22.11477778
2015-07-02 12:00:00,2,21.90954167
2015-07-02 12:00:00,3,21.99436111
2015-07-02 12:00:00,4,21.95159722
2015-07-02 12:00:00,5,22.07201389
2015-07-02 12:00:00,6,21.78388194
2015-07-02 12:00:00,7,20.94271528
2015-07-02 12:00:00,8,19.57926389
2015-07-02 12:00:00,9,17.92163889
2015-07-02 12:00:00,10,15.80976389
2015-07-02 12:00:00,11,14.17451389
2015-07-02 12:00:00,12,13.19277083
2015-07-02 12:00:00,13,12.27708333
2015-07-02 12:00:00,14,11.73221528
2015-07-02 12:00:00,15,11.31520833
2015-07-02 12:00:00,16,10.93567361
2015-07-02 12:00:00,17,10.583625
2015-07-02 12:00:00,18,10.29553472
2015-07-02 12:00:00,19,10.08579167
2015-07-02 12:00:00,20,9.983743056
2015-07-20 12:00:00,0,24.57404167
2015-07-20 12:00:00,0.5,24.63718056
2015-07-20 12:00:00,1,24.65721528
2015-07-20 12:00:00,1.5,24.63127778
2015-07-20 12:00:00,2,24.780375
2015-07-20 12:00:00,3,24.77384722
2015-07-20 12:00:00,4,24.98879861
2015-07-20 12:00:00,5,24.83969444
2015-07-20 12:00:00,6,24.48495139
2015-07-20 12:00:00,7,24.70374306
2015-07-20 12:00:00,8,23.03033333
2015-07-20 12:00:00,9,19.58831944
2015-07-20 12:00:00,10,17.38994444
2015-07-20 12:00:00,11,15.31911806
2015-07-20 12:00:00,12,14.14136806
2015-07-20 12:00:00,13,14.34361111
2015-07-20 12:00:00,14,12.70365972
2015-07-20 12:00:00,15,11.92772222
2015-07-20 12:00:00,16,11.50411806
2015-07-20 12:00:00,17,11.8906875
2015-07-20 12:00:00,18,10.70752778
2015-07-20 12:00:00,19,10.49261111
2015-07-20 12:00:00,20,10.92659722
2015-07-21 12:00:00,0,24.41443056
2015-07-21 12:00:00,0.5,24.50661111
2015-07-21 12:00:00,1,24.52356944
2015-07-21 12:00:00,1.5,24.46832639
2015-07-21 12:00:00,2,24.54727083
2015-07-21 12:00:00,3,24.622875
2015-07-21 12:00:00,4,24.78153472
2015-07-21 12:00:00,5,24.6958125
2015-07-21 12:00:00,6,24.26766667
2015-07-21 12:00:00,7,24.80508333
2015-07-21 12:00:00,8,22.27761806
2015-07-21 12:00:00,9,18.99495833
2015-07-21 12:00:00,10,17.35839583
2015-07-21 12:00:00,11,15.40605556
2015-07-21 12:00:00,12,14.41961806
2015-07-21 12:00:00,13,14.27915278
2015-07-21 12:00:00,14,12.43363889
2015-07-21 12:00:00,15,11.86940278
2015-07-21 12:00:00,16,11.61636806
2015-07-21 12:00:00,17,12.03831944
2015-07-21 12:00:00,18,10.79697917
2015-07-21 12:00:00,19,10.54854167
2015-07-21 12:00:00,20,10.96253472
2015-07-22 12:00:00,0,25.06918056
2015-07-22 12:00:00,0.5,25.06677778
2015-07-22 12:00:00,1,24.99277083
2015-07-22 12:00:00,1.5,24.74883333
2015-07-22 12:00:00,2,24.67459028
2015-07-22 12:00:00,3,24.80030556
2015-07-22 12:00:00,4,24.903375
2015-07-22 12:00:00,5,24.92540972
2015-07-22 12:00:00,6,24.34326389
2015-07-22 12:00:00,7,24.53115972
2015-07-22 12:00:00,8,21.19479167
2015-07-22 12:00:00,9,19.03679861
2015-07-22 12:00:00,10,17.03691667
2015-07-22 12:00:00,11,14.74370833
2015-07-22 12:00:00,12,13.66781944
2015-07-22 12:00:00,13,14.01695139
2015-07-22 12:00:00,14,12.03203472
2015-07-22 12:00:00,15,11.50148611
2015-07-22 12:00:00,16,11.35604861
2015-07-22 12:00:00,17,11.96810417
2015-07-22 12:00:00,18,10.807875
2015-07-22 12:00:00,19,10.56274306
2015-07-22 12:00:00,20,10.94484722
2015-07-23 12:00:00,0,26.15561806
2015-07-23 12:00:00,0.5,25.75438889
2015-07-23 12:00:00,1,25.64934722
2015-07-23 12:00:00,1.5,25.34634722
2015-07-23 12:00:00,2,24.847875
2015-07-23 12:00:00,3,25.28129861
2015-07-23 12:00:00,4,25.20958333
2015-07-23 12:00:00,5,25.55179861
2015-07-23 12:00:00,6,24.08827083
2015-07-23 12:00:00,7,23.18834028
2015-07-23 12:00:00,8,20.8884375
2015-07-23 12:00:00,9,19.4520625
2015-07-23 12:00:00,10,17.54416667
2015-07-23 12:00:00,11,14.8471875
2015-07-23 12:00:00,12,13.30913194
2015-07-23 12:00:00,13,13.69425
2015-07-23 12:00:00,14,11.94895139
2015-07-23 12:00:00,15,11.51725
2015-07-23 12:00:00,16,11.43197222
2015-07-23 12:00:00,17,12.16613889
2015-07-23 12:00:00,18,10.97959028
2015-07-23 12:00:00,19,10.68422917
2015-07-23 12:00:00,20,11.05738889
2015-07-24 12:00:00,0,24.86454861
2015-07-24 12:00:00,0.5,25.02149306
2015-07-24 12:00:00,1,25.09576389
2015-07-24 12:00:00,1.5,24.94515278
2015-07-24 12:00:00,2,25.14209722
2015-07-24 12:00:00,3,25.25528472
2015-07-24 12:00:00,4,25.3994375
2015-07-24 12:00:00,5,25.35117361
2015-07-24 12:00:00,6,24.52623611
2015-07-24 12:00:00,7,23.65519444
2015-07-24 12:00:00,8,21.41309028
2015-07-24 12:00:00,9,19.890125
2015-07-24 12:00:00,10,18.38874306
2015-07-24 12:00:00,11,15.77027083
2015-07-24 12:00:00,12,13.70754861
2015-07-24 12:00:00,13,13.95268056
2015-07-24 12:00:00,14,12.08715278
2015-07-24 12:00:00,15,11.66588889
2015-07-24 12:00:00,16,11.56316667
2015-07-24 12:00:00,17,12.39952778
2015-07-24 12:00:00,18,11.11250694
2015-07-24 12:00:00,19,10.8413125
2015-07-24 12:00:00,20,11.14076389
2015-07-25 12:00:00,0,25.50226389
2015-07-25 12:00:00,0.5,25.67607639
2015-07-25 12:00:00,1,25.75147917
2015-07-25 12:00:00,1.5,25.45679861
2015-07-25 12:00:00,2,25.02173611
2015-07-25 12:00:00,3,25.53678472
2015-07-25 12:00:00,4,25.44422917
2015-07-25 12:00:00,5,25.87430556
2015-07-25 12:00:00,6,24.24970139
2015-07-25 12:00:00,7,23.5634375
2015-07-25 12:00:00,8,21.42596528
2015-07-25 12:00:00,9,20.0783125
2015-07-25 12:00:00,10,18.19602083
2015-07-25 12:00:00,11,16.28345139
2015-07-25 12:00:00,12,14.36523611
2015-07-25 12:00:00,13,14.53597222
2015-07-25 12:00:00,14,12.46382639
2015-07-25 12:00:00,15,11.87689583
2015-07-25 12:00:00,16,11.74980556
2015-07-25 12:00:00,17,12.72311111
2015-07-25 12:00:00,18,11.21165972
2015-07-25 12:00:00,19,10.93517361
2015-07-25 12:00:00,20,11.2088125
2015-07-26 12:00:00,0,25.27859722
2015-07-26 12:00:00,0.5,25.49845833
2015-07-26 12:00:00,1,25.64707639
2015-07-26 12:00:00,1.5,25.3205625
2015-07-26 12:00:00,2,24.85443056
2015-07-26 12:00:00,3,25.56780556
2015-07-26 12:00:00,4,25.59430556
2015-07-26 12:00:00,5,25.87091667
2015-07-26 12:00:00,6,23.56405556
2015-07-26 12:00:00,7,23.49310417
2015-07-26 12:00:00,8,21.32488194
2015-07-26 12:00:00,9,19.78675
2015-07-26 12:00:00,10,18.15955556
2015-07-26 12:00:00,11,16.40286806
2015-07-26 12:00:00,12,14.06247222
2015-07-26 12:00:00,13,14.2075
2015-07-26 12:00:00,14,12.29039583
2015-07-26 12:00:00,15,11.88642361
2015-07-26 12:00:00,16,11.68106944
2015-07-26 12:00:00,17,12.80622917
2015-07-26 12:00:00,18,11.12360417
2015-07-26 12:00:00,19,10.90845139
2015-07-26 12:00:00,20,11.2674375
2015-07-27 12:00:00,0,25.25072222
2015-07-27 12:00:00,0.5,25.51377083
2015-07-27 12:00:00,1,25.64745139
2015-07-27 12:00:00,1.5,25.18534028
2015-07-27 12:00:00,2,25.20763889
2015-07-27 12:00:00,3,25.43289583
2015-07-27 12:00:00,4,25.63311111
2015-07-27 12:00:00,5,25.77668056
2015-07-27 12:00:00,6,24.04768056
2015-07-27 12:00:00,7,23.79063889
2015-07-27 12:00:00,8,21.57721528
2015-07-27 12:00:00,9,19.7893125
2015-07-27 12:00:00,10,18.01686111
2015-07-27 12:00:00,11,16.17902778
2015-07-27 12:00:00,12,13.8895625
2015-07-27 12:00:00,13,14.16816667
2015-07-27 12:00:00,14,12.34493056
2015-07-27 12:00:00,15,11.92222222
2015-07-27 12:00:00,16,11.86501389
2015-07-27 12:00:00,17,13.05399306
2015-07-27 12:00:00,18,11.16610417
2015-07-27 12:00:00,19,10.98461806
2015-07-27 12:00:00,20,11.38204167
2015-07-28 12:00:00,0,25.11879861
2015-07-28 12:00:00,0.5,25.44485417
2015-07-28 12:00:00,1,25.64984722
2015-07-28 12:00:00,1.5,25.1826875
2015-07-28 12:00:00,2,25.45720139
2015-07-28 12:00:00,3,25.61089583
2015-07-28 12:00:00,4,25.83824306
2015-07-28 12:00:00,5,25.88420139
2015-07-28 12:00:00,6,24.38844444
2015-07-28 12:00:00,7,23.701375
2015-07-28 12:00:00,8,21.5254375
2015-07-28 12:00:00,9,20.36765278
2015-07-28 12:00:00,10,18.4269375
2015-07-28 12:00:00,11,16.5061875
2015-07-28 12:00:00,12,14.07882639
2015-07-28 12:00:00,13,14.47552083
2015-07-28 12:00:00,14,12.63482639
2015-07-28 12:00:00,15,12.16963194
2015-07-28 12:00:00,16,11.98489583
2015-07-28 12:00:00,17,13.28398611
2015-07-28 12:00:00,18,11.19465972
2015-07-28 12:00:00,19,11.02680556
2015-07-28 12:00:00,20,11.4301875
2015-07-29 12:00:00,0,25.35441667
2015-07-29 12:00:00,0.5,25.75610417
2015-07-29 12:00:00,1,26.0219375
2015-07-29 12:00:00,1.5,25.47552083
2015-07-29 12:00:00,2,25.95197917
2015-07-29 12:00:00,3,25.99769444
2015-07-29 12:00:00,4,26.26890972
2015-07-29 12:00:00,5,26.25302778
2015-07-29 12:00:00,6,25.10400694
2015-07-29 12:00:00,7,25.42561111
2015-07-29 12:00:00,8,24.11434028
2015-07-29 12:00:00,9,23.17842361
2015-07-29 12:00:00,10,19.94527778
2015-07-29 12:00:00,11,17.39075
2015-07-29 12:00:00,12,14.41534028
2015-07-29 12:00:00,13,14.62522917
2015-07-29 12:00:00,14,12.9115
2015-07-29 12:00:00,15,12.47299306
2015-07-29 12:00:00,16,12.24611806
2015-07-29 12:00:00,17,13.53473611
2015-07-29 12:00:00,18,11.31238889
2015-07-29 12:00:00,19,11.08636806
2015-07-29 12:00:00,20,11.45001389
2015-07-03 12:00:00,0,22.77406944
2015-07-03 12:00:00,0.5,22.59181944
2015-07-03 12:00:00,1,22.38175694
2015-07-03 12:00:00,1.5,22.20683333
2015-07-03 12:00:00,2,21.62715278
2015-07-03 12:00:00,3,21.79091667
2015-07-03 12:00:00,4,21.67292361
2015-07-03 12:00:00,5,22.08763194
2015-07-03 12:00:00,6,21.57170139
2015-07-03 12:00:00,7,21.42738194
2015-07-03 12:00:00,8,20.5118125
2015-07-03 12:00:00,9,18.54702083
2015-07-03 12:00:00,10,16.23795139
2015-07-03 12:00:00,11,14.67979167
2015-07-03 12:00:00,12,13.09708333
2015-07-03 12:00:00,13,12.15529167
2015-07-03 12:00:00,14,11.57881944
2015-07-03 12:00:00,15,11.17925
2015-07-03 12:00:00,16,10.82736806
2015-07-03 12:00:00,17,10.49398611
2015-07-03 12:00:00,18,10.21166667
2015-07-03 12:00:00,19,10.03052778
2015-07-03 12:00:00,20,9.947798611
2015-07-30 12:00:00,0,24.93177083
2015-07-30 12:00:00,0.5,25.36766667
2015-07-30 12:00:00,1,25.69524306
2015-07-30 12:00:00,1.5,25.05138194
2015-07-30 12:00:00,2,25.64109028
2015-07-30 12:00:00,3,25.59299306
2015-07-30 12:00:00,4,25.76777083
2015-07-30 12:00:00,5,25.89305556
2015-07-30 12:00:00,6,25.04902083
2015-07-30 12:00:00,7,25.76585417
2015-07-30 12:00:00,8,25.10091667
2015-07-30 12:00:00,9,24.10527778
2015-07-30 12:00:00,10,18.99340278
2015-07-30 12:00:00,11,17.23813889
2015-07-30 12:00:00,12,14.52102778
2015-07-30 12:00:00,13,14.84174306
2015-07-30 12:00:00,14,13.16085417
2015-07-30 12:00:00,15,12.54597917
2015-07-30 12:00:00,16,12.41381944
2015-07-30 12:00:00,17,13.770875
2015-07-30 12:00:00,18,11.62357639
2015-07-30 12:00:00,19,11.39876389
2015-07-30 12:00:00,20,11.72852778
2015-07-31 12:00:00,0,24.59440278
2015-07-31 12:00:00,0.5,25.09530556
2015-07-31 12:00:00,1,25.49775694
2015-07-31 12:00:00,1.5,24.72618056
2015-07-31 12:00:00,2,25.37484722
2015-07-31 12:00:00,3,25.30585417
2015-07-31 12:00:00,4,25.42459028
2015-07-31 12:00:00,5,25.62772222
2015-07-31 12:00:00,6,24.75098611
2015-07-31 12:00:00,7,25.46515278
2015-07-31 12:00:00,8,24.78108333
2015-07-31 12:00:00,9,22.81077778
2015-07-31 12:00:00,10,20.35953472
2015-07-31 12:00:00,11,18.56884028
2015-07-31 12:00:00,12,15.16744444
2015-07-31 12:00:00,13,15.60550694
2015-07-31 12:00:00,14,13.75466667
2015-07-31 12:00:00,15,12.79573611
2015-07-31 12:00:00,16,12.45057639
2015-07-31 12:00:00,17,13.74965972
2015-07-31 12:00:00,18,11.61751389
2015-07-31 12:00:00,19,11.41029861
2015-07-31 12:00:00,20,11.7209375
2015-07-04 12:00:00,0,23.58845139
2015-07-04 12:00:00,0.5,23.46197917
2015-07-04 12:00:00,1,23.33067361
2015-07-04 12:00:00,1.5,23.11909028
2015-07-04 12:00:00,2,22.14140972
2015-07-04 12:00:00,3,22.60829861
2015-07-04 12:00:00,4,22.37203472
2015-07-04 12:00:00,5,22.9645625
2015-07-04 12:00:00,6,21.65597917
2015-07-04 12:00:00,7,21.40801389
2015-07-04 12:00:00,8,20.42370833
2015-07-04 12:00:00,9,17.83329167
2015-07-04 12:00:00,10,15.83994444
2015-07-04 12:00:00,11,14.47411111
2015-07-04 12:00:00,12,13.35941667
2015-07-04 12:00:00,13,12.34549306
2015-07-04 12:00:00,14,11.54385417
2015-07-04 12:00:00,15,11.13602778
2015-07-04 12:00:00,16,10.86170833
2015-07-04 12:00:00,17,10.59990278
2015-07-04 12:00:00,18,10.35225694
2015-07-04 12:00:00,19,10.12868056
2015-07-04 12:00:00,20,10.00636111
2015-07-05 12:00:00,0,23.59921528
2015-07-05 12:00:00,0.5,23.60885417
2015-07-05 12:00:00,1,23.59164583
2015-07-05 12:00:00,1.5,23.55595139
2015-07-05 12:00:00,2,22.48020833
2015-07-05 12:00:00,3,23.31045833
2015-07-05 12:00:00,4,22.84615972
2015-07-05 12:00:00,5,23.51140972
2015-07-05 12:00:00,6,21.93763889
2015-07-05 12:00:00,7,21.52265278
2015-07-05 12:00:00,8,19.36802778
2015-07-05 12:00:00,9,17.06586111
2015-07-05 12:00:00,10,15.55810417
2015-07-05 12:00:00,11,14.52601389
2015-07-05 12:00:00,12,13.67522917
2015-07-05 12:00:00,13,12.71434028
2015-07-05 12:00:00,14,11.83630556
2015-07-05 12:00:00,15,11.32820833
2015-07-05 12:00:00,16,10.96674306
2015-07-05 12:00:00,17,10.64782639
2015-07-05 12:00:00,18,10.36802778
2015-07-05 12:00:00,19,10.15702778
2015-07-05 12:00:00,20,10.01475694
2015-07-06 12:00:00,0,23.690875
2015-07-06 12:00:00,0.5,23.70765278
2015-07-06 12:00:00,1,23.70765972
2015-07-06 12:00:00,1.5,23.70009722
2015-07-06 12:00:00,2,23.46639583
2015-07-06 12:00:00,3,23.65142361
2015-07-06 12:00:00,4,23.59789583
2015-07-06 12:00:00,5,23.69076389
2015-07-06 12:00:00,6,22.65711111
2015-07-06 12:00:00,7,20.87872222
2015-07-06 12:00:00,8,19.12625694
2015-07-06 12:00:00,9,17.18170833
2015-07-06 12:00:00,10,15.66063194
2015-07-06 12:00:00,11,14.58404167
2015-07-06 12:00:00,12,13.589875
2015-07-06 12:00:00,13,12.73665278
2015-07-06 12:00:00,14,11.84706944
2015-07-06 12:00:00,15,11.37777083
2015-07-06 12:00:00,16,11.02461806
2015-07-06 12:00:00,17,10.69211111
2015-07-06 12:00:00,18,10.34977778
2015-07-06 12:00:00,19,10.11163889
2015-07-06 12:00:00,20,9.9703125
2015-07-07 12:00:00,0,22.6363125
2015-07-07 12:00:00,0.5,22.68547222
2015-07-07 12:00:00,1,22.69527778
2015-07-07 12:00:00,1.5,22.68694444
2015-07-07 12:00:00,2,22.66813194
2015-07-07 12:00:00,3,22.6818125
2015-07-07 12:00:00,4,22.67659722
2015-07-07 12:00:00,5,22.68756944
2015-07-07 12:00:00,6,22.64775694
2015-07-07 12:00:00,7,22.53448611
2015-07-07 12:00:00,8,21.39573611
2015-07-07 12:00:00,9,18.45226389
2015-07-07 12:00:00,10,16.40252083
2015-07-07 12:00:00,11,14.91020833
2015-07-07 12:00:00,12,13.51434028
2015-07-07 12:00:00,13,12.43702083
2015-07-07 12:00:00,14,11.81580556
2015-07-07 12:00:00,15,11.33048611
2015-07-07 12:00:00,16,10.97397222
2015-07-07 12:00:00,17,10.66790972
2015-07-07 12:00:00,18,10.35924306
2015-07-07 12:00:00,19,10.15488889
2015-07-07 12:00:00,20,10.04436806
2015-07-08 12:00:00,0,22.56300694
2015-07-08 12:00:00,0.5,22.58328472
2015-07-08 12:00:00,1,22.55577083
2015-07-08 12:00:00,1.5,22.50829861
2015-07-08 12:00:00,2,22.21159028
2015-07-08 12:00:00,3,22.31363889
2015-07-08 12:00:00,4,22.23950694
2015-07-08 12:00:00,5,22.44365972
2015-07-08 12:00:00,6,22.17209028
2015-07-08 12:00:00,7,21.85896528
2015-07-08 12:00:00,8,19.35245139
2015-07-08 12:00:00,9,17.67739583
2015-07-08 12:00:00,10,16.32215278
2015-07-08 12:00:00,11,14.633875
2015-07-08 12:00:00,12,13.47722222
2015-07-08 12:00:00,13,12.66513194
2015-07-08 12:00:00,14,12.03245139
2015-07-08 12:00:00,15,11.44122222
2015-07-08 12:00:00,16,11.02659722
2015-07-08 12:00:00,17,10.69304167
2015-07-08 12:00:00,18,10.40642361
2015-07-08 12:00:00,19,10.20034028
2015-07-08 12:00:00,20,10.075125
2015-07-09 12:00:00,0,23.45435417
2015-07-09 12:00:00,0.5,22.883125
2015-07-09 12:00:00,1,22.64273611
2015-07-09 12:00:00,1.5,22.42725
2015-07-09 12:00:00,2,22.09958333
2015-07-09 12:00:00,3,22.17273611
2015-07-09 12:00:00,4,22.12518056
2015-07-09 12:00:00,5,22.30500694
2015-07-09 12:00:00,6,22.06336806
2015-07-09 12:00:00,7,21.73806944
2015-07-09 12:00:00,8,19.54652083
2015-07-09 12:00:00,9,18.20240278
2015-07-09 12:00:00,10,16.35163889
2015-07-09 12:00:00,11,14.77052778
2015-07-09 12:00:00,12,13.90670139
2015-07-09 12:00:00,13,12.8873125
2015-07-09 12:00:00,14,12.22580556
2015-07-09 12:00:00,15,11.60891667
2015-07-09 12:00:00,16,11.15909028
2015-07-09 12:00:00,17,10.71704861
2015-07-09 12:00:00,18,10.36996528
2015-07-09 12:00:00,19,10.12586806
2015-07-09 12:00:00,20,10.065
2015-08-01 12:00:00,0,24.58698611
2015-08-01 12:00:00,0.5,25.04363194
2015-08-01 12:00:00,1,25.51200694
2015-08-01 12:00:00,1.5,24.53308333
2015-08-01 12:00:00,2,24.96725694
2015-08-01 12:00:00,3,25.03125694
2015-08-01 12:00:00,4,25.02645833
2015-08-01 12:00:00,5,25.43688889
2015-08-01 12:00:00,6,24.27995139
2015-08-01 12:00:00,7,24.91425694
2015-08-01 12:00:00,8,24.10038194
2015-08-01 12:00:00,9,22.38777083
2015-08-01 12:00:00,10,18.58736111
2015-08-01 12:00:00,11,16.71254167
2015-08-01 12:00:00,12,14.243125
2015-08-01 12:00:00,13,14.77660417
2015-08-01 12:00:00,14,13.10450694
2015-08-01 12:00:00,15,12.36052778
2015-08-01 12:00:00,16,12.20948611
2015-08-01 12:00:00,17,13.75909028
2015-08-01 12:00:00,18,11.57154861
2015-08-01 12:00:00,19,11.47019444
2015-08-01 12:00:00,20,11.76479167
2015-08-10 12:00:00,0,24.19680556
2015-08-10 12:00:00,0.5,24.64008333
2015-08-10 12:00:00,1,25.57333333
2015-08-10 12:00:00,1.5,24.21347222
2015-08-10 12:00:00,2,24.85840278
2015-08-10 12:00:00,3,24.82865278
2015-08-10 12:00:00,4,24.50839583
2015-08-10 12:00:00,5,25.10441667
2015-08-10 12:00:00,6,23.90122222
2015-08-10 12:00:00,7,24.26530556
2015-08-10 12:00:00,8,23.69918056
2015-08-10 12:00:00,9,23.57763889
2015-08-10 12:00:00,10,20.76115278
2015-08-10 12:00:00,11,19.32410417
2015-08-10 12:00:00,12,15.17167361
2015-08-10 12:00:00,13,14.67102778
2015-08-10 12:00:00,14,13.20418056
2015-08-10 12:00:00,15,12.81522222
2015-08-10 12:00:00,16,12.57109722
2015-08-10 12:00:00,17,12.1145625
2015-08-10 12:00:00,18,11.62761111
2015-08-10 12:00:00,19,11.13372917
2015-08-10 12:00:00,20,11.61745833
2015-08-11 12:00:00,0,24.10279861
2015-08-11 12:00:00,0.5,24.57413194
2015-08-11 12:00:00,1,25.51598611
2015-08-11 12:00:00,1.5,24.12344444
2015-08-11 12:00:00,2,25.01917361
2015-08-11 12:00:00,3,24.79886111
2015-08-11 12:00:00,4,24.55290278
2015-08-11 12:00:00,5,24.99033333
2015-08-11 12:00:00,6,24.13143056
2015-08-11 12:00:00,7,24.56438194
2015-08-11 12:00:00,8,24.04046528
2015-08-11 12:00:00,9,23.91832639
2015-08-11 12:00:00,10,21.00879861
2015-08-11 12:00:00,11,18.6835625
2015-08-11 12:00:00,12,14.89448611
2015-08-11 12:00:00,13,14.32150694
2015-08-11 12:00:00,14,13.01994444
2015-08-11 12:00:00,15,12.68040972
2015-08-11 12:00:00,16,12.47475
2015-08-11 12:00:00,17,12.05147917
2015-08-11 12:00:00,18,11.66397222
2015-08-11 12:00:00,19,11.18645833
2015-08-11 12:00:00,20,11.67510417
2015-08-12 12:00:00,0,24.88120833
2015-08-12 12:00:00,0.5,25.16174306
2015-08-12 12:00:00,1,25.864875
2015-08-12 12:00:00,1.5,24.33310417
2015-08-12 12:00:00,2,24.94049306
2015-08-12 12:00:00,3,24.84363889
2015-08-12 12:00:00,4,24.46930556
2015-08-12 12:00:00,5,25.10038889
2015-08-12 12:00:00,6,23.920875
2015-08-12 12:00:00,7,24.29165278
2015-08-12 12:00:00,8,23.75347917
2015-08-12 12:00:00,9,23.546375
2015-08-12 12:00:00,10,19.8675
2015-08-12 12:00:00,11,18.73288889
2015-08-12 12:00:00,12,14.81581944
2015-08-12 12:00:00,13,14.46136806
2015-08-12 12:00:00,14,12.93145833
2015-08-12 12:00:00,15,12.61675
2015-08-12 12:00:00,16,12.49501389
2015-08-12 12:00:00,17,12.08446528
2015-08-12 12:00:00,18,11.63125
2015-08-12 12:00:00,19,11.11649306
2015-08-12 12:00:00,20,11.64404167
2015-08-13 12:00:00,0,24.31891667
2015-08-13 12:00:00,0.5,24.85878472
2015-08-13 12:00:00,1,25.77552083
2015-08-13 12:00:00,1.5,24.35952083
2015-08-13 12:00:00,2,25.38752778
2015-08-13 12:00:00,3,25.07952778
2015-08-13 12:00:00,4,24.84238889
2015-08-13 12:00:00,5,25.17004167
2015-08-13 12:00:00,6,24.37595833
2015-08-13 12:00:00,7,24.74619444
2015-08-13 12:00:00,8,24.23385417
2015-08-13 12:00:00,9,24.17779167
2015-08-13 12:00:00,10,22.59225
2015-08-13 12:00:00,11,19.71255556
2015-08-13 12:00:00,12,15.17714583
2015-08-13 12:00:00,13,14.51036111
2015-08-13 12:00:00,14,13.06482639
2015-08-13 12:00:00,15,12.81002778
2015-08-13 12:00:00,16,12.53379167
2015-08-13 12:00:00,17,12.00650694
2015-08-13 12:00:00,18,11.62295833
2015-08-13 12:00:00,19,11.11007639
2015-08-13 12:00:00,20,11.65416667
2015-08-14 12:00:00,0,24.77892361
2015-08-14 12:00:00,0.5,25.31380556
2015-08-14 12:00:00,1,26.18139583
2015-08-14 12:00:00,1.5,24.70610417
2015-08-14 12:00:00,2,25.47115972
2015-08-14 12:00:00,3,25.29607639
2015-08-14 12:00:00,4,25.00132639
2015-08-14 12:00:00,5,25.43510417
2015-08-14 12:00:00,6,24.346625
2015-08-14 12:00:00,7,24.64569444
2015-08-14 12:00:00,8,24.07376389
2015-08-14 12:00:00,9,24.01518056
2015-08-14 12:00:00,10,21.00098611
2015-08-14 12:00:00,11,19.26427778
2015-08-14 12:00:00,12,14.76538889
2015-08-14 12:00:00,13,14.34248611
2015-08-14 12:00:00,14,12.84944444
2015-08-14 12:00:00,15,12.7773125
2015-08-14 12:00:00,16,12.51558333
2015-08-14 12:00:00,17,12.0909375
2015-08-14 12:00:00,18,11.72004167
2015-08-14 12:00:00,19,11.17503472
2015-08-14 12:00:00,20,11.75686111
2015-08-15 12:00:00,0,25.58997917
2015-08-15 12:00:00,0.5,25.9778125
2015-08-15 12:00:00,1,26.83438889
2015-08-15 12:00:00,1.5,25.32685417
2015-08-15 12:00:00,2,25.88015972
2015-08-15 12:00:00,3,25.72497222
2015-08-15 12:00:00,4,25.42816667
2015-08-15 12:00:00,5,25.90570833
2015-08-15 12:00:00,6,24.63838194
2015-08-15 12:00:00,7,24.69346528
2015-08-15 12:00:00,8,23.92692361
2015-08-15 12:00:00,9,23.01204167
2015-08-15 12:00:00,10,20.21982639
2015-08-15 12:00:00,11,19.11051389
2015-08-15 12:00:00,12,14.89471528
2015-08-15 12:00:00,13,14.51629861
2015-08-15 12:00:00,14,12.93585417
2015-08-15 12:00:00,15,13.0234375
2015-08-15 12:00:00,16,12.60247222
2015-08-15 12:00:00,17,12.07308333
2015-08-15 12:00:00,18,11.68983333
2015-08-15 12:00:00,19,11.14257639
2015-08-15 12:00:00,20,11.71060417
2015-08-16 12:00:00,0,25.41953472
2015-08-16 12:00:00,0.5,25.86943056
2015-08-16 12:00:00,1,26.8834375
2015-08-16 12:00:00,1.5,25.44547222
2015-08-16 12:00:00,2,26.4710625
2015-08-16 12:00:00,3,26.12618056
2015-08-16 12:00:00,4,25.90397917
2015-08-16 12:00:00,5,26.12033333
2015-08-16 12:00:00,6,25.11315278
2015-08-16 12:00:00,7,25.11404861
2015-08-16 12:00:00,8,24.20045833
2015-08-16 12:00:00,9,23.161375
2015-08-16 12:00:00,10,21.14075694
2015-08-16 12:00:00,11,20.286875
2015-08-16 12:00:00,12,15.50458333
2015-08-16 12:00:00,13,14.77975694
2015-08-16 12:00:00,14,12.94359028
2015-08-16 12:00:00,15,13.13498611
2015-08-16 12:00:00,16,12.59990972
2015-08-16 12:00:00,17,12.18111806
2015-08-16 12:00:00,18,11.69379861
2015-08-16 12:00:00,19,11.10978472
2015-08-16 12:00:00,20,11.6909375
2015-08-17 12:00:00,0,25.75758333
2015-08-17 12:00:00,0.5,26.14128472
2015-08-17 12:00:00,1,27.19138194
2015-08-17 12:00:00,1.5,25.71229861
2015-08-17 12:00:00,2,26.42149306
2015-08-17 12:00:00,3,26.29808333
2015-08-17 12:00:00,4,25.89020833
2015-08-17 12:00:00,5,26.30158333
2015-08-17 12:00:00,6,25.19229861
2015-08-17 12:00:00,7,25.23159028
2015-08-17 12:00:00,8,23.93015278
2015-08-17 12:00:00,9,22.84391667
2015-08-17 12:00:00,10,20.51588889
2015-08-17 12:00:00,11,19.66109722
2015-08-17 12:00:00,12,15.11322222
2015-08-17 12:00:00,13,14.58675694
2015-08-17 12:00:00,14,12.97597917
2015-08-17 12:00:00,15,13.25741667
2015-08-17 12:00:00,16,12.69591667
2015-08-17 12:00:00,17,12.27499306
2015-08-17 12:00:00,18,11.67823611
2015-08-17 12:00:00,19,11.05752083
2015-08-17 12:00:00,20,11.39528472
2015-08-18 12:00:00,0,25.39047917
2015-08-18 12:00:00,0.5,25.77371528
2015-08-18 12:00:00,1,26.88324306
2015-08-18 12:00:00,1.5,25.41878472
2015-08-18 12:00:00,2,26.45261111
2015-08-18 12:00:00,3,26.137625
2015-08-18 12:00:00,4,25.79246528
2015-08-18 12:00:00,5,25.98375694
2015-08-18 12:00:00,6,24.99917361
2015-08-18 12:00:00,7,24.40861111
2015-08-18 12:00:00,8,23.28207639
2015-08-18 12:00:00,9,22.62361111
2015-08-18 12:00:00,10,20.93976389
2015-08-18 12:00:00,11,20.07736111
2015-08-18 12:00:00,12,15.61334028
2015-08-18 12:00:00,13,14.73393056
2015-08-18 12:00:00,14,13.09017361
2015-08-18 12:00:00,15,13.38000694
2015-08-18 12:00:00,16,12.77220833
2015-08-18 12:00:00,17,12.26576389
2015-08-18 12:00:00,18,11.61809028
2015-08-18 12:00:00,19,10.95671528
2015-08-18 12:00:00,20,11.22172222
2015-08-19 12:00:00,0,24.43136806
2015-08-19 12:00:00,0.5,24.90088194
2015-08-19 12:00:00,1,26.00421528
2015-08-19 12:00:00,1.5,24.50350694
2015-08-19 12:00:00,2,25.77629167
2015-08-19 12:00:00,3,25.31786806
2015-08-19 12:00:00,4,24.94133333
2015-08-19 12:00:00,5,25.09725694
2015-08-19 12:00:00,6,24.59769444
2015-08-19 12:00:00,7,24.52821805
2015-08-19 12:00:00,8,24.17953472
2015-08-19 12:00:00,9,24.04004167
2015-08-19 12:00:00,10,23.254
2015-08-19 12:00:00,11,22.9936875
2015-08-19 12:00:00,12,18.08484028
2015-08-19 12:00:00,13,15.80805556
2015-08-19 12:00:00,14,13.70184722
2015-08-19 12:00:00,15,13.76252083
2015-08-19 12:00:00,16,13.10473611
2015-08-19 12:00:00,17,12.52150694
2015-08-19 12:00:00,18,11.77359722
2015-08-19 12:00:00,19,11.16222222
2015-08-19 12:00:00,20,11.30411111
2015-08-02 12:00:00,0,24.33671528
2015-08-02 12:00:00,0.5,24.83868056
2015-08-02 12:00:00,1,25.43140278
2015-08-02 12:00:00,1.5,24.40914583
2015-08-02 12:00:00,2,25.01439583
2015-08-02 12:00:00,3,25.025125
2015-08-02 12:00:00,4,24.901
2015-08-02 12:00:00,5,25.38922222
2015-08-02 12:00:00,6,24.36170833
2015-08-02 12:00:00,7,24.99339583
2015-08-02 12:00:00,8,24.25770139
2015-08-02 12:00:00,9,24.15810417
2015-08-02 12:00:00,10,22.81570139
2015-08-02 12:00:00,11,20.04655556
2015-08-02 12:00:00,12,16.02747917
2015-08-02 12:00:00,13,15.46831944
2015-08-02 12:00:00,14,13.86892361
2015-08-02 12:00:00,15,12.84421528
2015-08-02 12:00:00,16,12.59033333
2015-08-02 12:00:00,17,14.03209028
2015-08-02 12:00:00,18,11.62108333
2015-08-02 12:00:00,19,11.52922917
2015-08-02 12:00:00,20,11.842
2015-08-20 12:00:00,0,23.61214583
2015-08-20 12:00:00,0.5,24.10385417
2015-08-20 12:00:00,1,25.23124306
2015-08-20 12:00:00,1.5,23.69685417
2015-08-20 12:00:00,2,25.00245833
2015-08-20 12:00:00,3,24.56244444
2015-08-20 12:00:00,4,24.14463194
2015-08-20 12:00:00,5,24.30325
2015-08-20 12:00:00,6,23.80448923
2015-08-20 12:00:00,7,23.27408
2015-08-20 12:00:00,8,23.78
2015-08-20 12:00:00,9,23.887125
2015-08-20 12:00:00,10,23.52186806
2015-08-20 12:00:00,11,23.37765278
2015-08-20 12:00:00,12,18.78285417
2015-08-20 12:00:00,13,16.62006944
2015-08-20 12:00:00,14,13.94202778
2015-08-20 12:00:00,15,13.87022917
2015-08-20 12:00:00,16,13.32809722
2015-08-20 12:00:00,17,12.7614375
2015-08-20 12:00:00,18,12.02461111
2015-08-20 12:00:00,19,11.52263889
2015-08-20 12:00:00,20,11.54316667
2015-08-21 12:00:00,0,23.14503472
2015-08-21 12:00:00,0.5,23.55028472
2015-08-21 12:00:00,1,24.73239583
2015-08-21 12:00:00,1.5,23.18392361
2015-08-21 12:00:00,2,24.47403472
2015-08-21 12:00:00,3,24.05578472
2015-08-21 12:00:00,4,23.59593056
2015-08-21 12:00:00,5,23.74925694
2015-08-21 12:00:00,6,23.0748089
2015-08-21 12:00:00,7,22.83062219
2015-08-21 12:00:00,8,23.14109028
2015-08-21 12:00:00,9,23.29452083
2015-08-21 12:00:00,10,22.96933333
2015-08-21 12:00:00,11,21.95170139
2015-08-21 12:00:00,12,16.05139583
2015-08-21 12:00:00,13,15.07486111
2015-08-21 12:00:00,14,13.31657639
2015-08-21 12:00:00,15,13.46395139
2015-08-21 12:00:00,16,13.22309722
2015-08-21 12:00:00,17,12.68215972
2015-08-21 12:00:00,18,11.80045833
2015-08-21 12:00:00,19,11.3574375
2015-08-21 12:00:00,20,11.38100694
2015-08-22 12:00:00,0,22.954625
2015-08-22 12:00:00,0.5,23.38248784
2015-08-22 12:00:00,1,24.56537874
2015-08-22 12:00:00,1.5,23.01364837
2015-08-22 12:00:00,2,24.40312717
2015-08-22 12:00:00,3,23.94789437
2015-08-22 12:00:00,4,23.47233495
2015-08-22 12:00:00,5,23.88218056
2015-08-22 12:00:00,6,22.34300511
2015-08-22 12:00:00,7,21.52199629
2015-08-22 12:00:00,8,23.10034722
2015-08-22 12:00:00,9,23.27072222
2015-08-22 12:00:00,10,23.01239583
2015-08-22 12:00:00,11,22.04572917
2015-08-22 12:00:00,12,15.88623611
2015-08-22 12:00:00,13,14.93088951
2015-08-22 12:00:00,14,13.13327778
2015-08-22 12:00:00,15,13.02411806
2015-08-22 12:00:00,16,13.08873611
2015-08-22 12:00:00,17,12.20113194
2015-08-22 12:00:00,18,11.81495139
2015-08-22 12:00:00,19,11.22322917
2015-08-22 12:00:00,20,11.41443056
2015-08-23 12:00:00,0,22.59325694
2015-08-23 12:00:00,0.5,23.03144444
2015-08-23 12:00:00,1,24.24948611
2015-08-23 12:00:00,1.5,22.68015278
2015-08-23 12:00:00,2,24.10327778
2015-08-23 12:00:00,3,23.69125694
2015-08-23 12:00:00,4,23.111125
2015-08-23 12:00:00,5,23.66452778
2015-08-23 12:00:00,6,21.34020164
2015-08-23 12:00:00,7,20.10650118
2015-08-23 12:00:00,8,22.787
2015-08-23 12:00:00,9,22.96477778
2015-08-23 12:00:00,10,22.77520139
2015-08-23 12:00:00,11,23.39622917
2015-08-23 12:00:00,12,19.86036806
2015-08-23 12:00:00,13,18.54247917
2015-08-23 12:00:00,14,15.50316667
2015-08-23 12:00:00,15,14.32694444
2015-08-23 12:00:00,16,13.76240972
2015-08-23 12:00:00,17,12.64156944
2015-08-23 12:00:00,18,12.15446528
2015-08-23 12:00:00,19,11.52247917
2015-08-23 12:00:00,20,11.58553472
2015-08-24 12:00:00,0,21.84423611
2015-08-24 12:00:00,0.5,22.35348611
2015-08-24 12:00:00,1,23.56609722
2015-08-24 12:00:00,1.5,21.95308333
2015-08-24 12:00:00,2,23.44299306
2015-08-24 12:00:00,3,22.986
2015-08-24 12:00:00,4,22.37102083
2015-08-24 12:00:00,5,22.81250694
2015-08-24 12:00:00,6,19.30305601
2015-08-24 12:00:00,7,18.50617486
2015-08-24 12:00:00,8,22.06707639
2015-08-24 12:00:00,9,22.2551875
2015-08-24 12:00:00,10,22.06749306
2015-08-24 12:00:00,11,23.57711806
2015-08-24 12:00:00,12,21.37723611
2015-08-24 12:00:00,13,20.06263889
2015-08-24 12:00:00,14,17.35957639
2015-08-24 12:00:00,15,15.10461111
2015-08-24 12:00:00,16,13.76488889
2015-08-24 12:00:00,17,12.98342361
2015-08-24 12:00:00,18,12.023625
2015-08-24 12:00:00,19,11.89834722
2015-08-24 12:00:00,20,11.59084028
2015-08-25 12:00:00,0,21.30911806
2015-08-25 12:00:00,0.5,21.72395139
2015-08-25 12:00:00,1,22.95805556
2015-08-25 12:00:00,1.5,21.363125
2015-08-25 12:00:00,2,22.85409722
2015-08-25 12:00:00,3,22.39381944
2015-08-25 12:00:00,4,21.74334722
2015-08-25 12:00:00,5,22.15845833
2015-08-25 12:00:00,6,19.69297994
2015-08-25 12:00:00,7,19.26328559
2015-08-25 12:00:00,8,21.39584722
2015-08-25 12:00:00,9,21.54318056
2015-08-25 12:00:00,10,21.32284028
2015-08-25 12:00:00,11,22.82802778
2015-08-25 12:00:00,12,20.62734722
2015-08-25 12:00:00,13,17.92873611
2015-08-25 12:00:00,14,13.4515
2015-08-25 12:00:00,15,13.19529167
2015-08-25 12:00:00,16,13.360625
2015-08-25 12:00:00,17,12.75357639
2015-08-25 12:00:00,18,11.66877083
2015-08-25 12:00:00,19,11.66064583
2015-08-25 12:00:00,20,11.48065278
2015-08-26 12:00:00,0,21.22211111
2015-08-26 12:00:00,0.5,21.56207639
2015-08-26 12:00:00,1,22.74491667
2015-08-26 12:00:00,1.5,21.11584722
2015-08-26 12:00:00,2,22.62347222
2015-08-26 12:00:00,3,22.13226389
2015-08-26 12:00:00,4,21.46517361
2015-08-26 12:00:00,5,21.84438889
2015-08-26 12:00:00,6,20.0287117
2015-08-26 12:00:00,7,18.91060606
2015-08-26 12:00:00,8,21.16296528
2015-08-26 12:00:00,9,21.32420833
2015-08-26 12:00:00,10,21.129125
2015-08-26 12:00:00,11,22.68125
2015-08-26 12:00:00,12,18.86556944
2015-08-26 12:00:00,13,15.21515972
2015-08-26 12:00:00,14,13.35495833
2015-08-26 12:00:00,15,13.00114583
2015-08-26 12:00:00,16,13.15290972
2015-08-26 12:00:00,17,12.61723611
2015-08-26 12:00:00,18,11.55030556
2015-08-26 12:00:00,19,11.49116667
2015-08-26 12:00:00,20,11.35979861
2015-08-27 12:00:00,0,21.30085417
2015-08-27 12:00:00,0.5,21.67918056
2015-08-27 12:00:00,1,22.84775694
2015-08-27 12:00:00,1.5,21.27309028
2015-08-27 12:00:00,2,22.52900694
2015-08-27 12:00:00,3,22.16399306
2015-08-27 12:00:00,4,21.41289583
2015-08-27 12:00:00,5,21.91751389
2015-08-27 12:00:00,6,19.97395819
2015-08-27 12:00:00,7,16.6764108
2015-08-27 12:00:00,8,20.99755556
2015-08-27 12:00:00,9,21.16169444
2015-08-27 12:00:00,10,20.9546875
2015-08-27 12:00:00,11,22.54302778
2015-08-27 12:00:00,12,19.45705556
2015-08-27 12:00:00,13,15.81270833
2015-08-27 12:00:00,14,12.85545833
2015-08-27 12:00:00,15,12.63843056
2015-08-27 12:00:00,16,13.00803472
2015-08-27 12:00:00,17,12.52202083
2015-08-27 12:00:00,18,11.51119444
2015-08-27 12:00:00,19,11.40579861
2015-08-27 12:00:00,20,11.37924306
2015-08-28 12:00:00,0,20.91629167
2015-08-28 12:00:00,0.5,21.33105556
2015-08-28 12:00:00,1,22.4983125
2015-08-28 12:00:00,1.5,20.96168056
2015-08-28 12:00:00,2,22.54301389
2015-08-28 12:00:00,3,22.01871528
2015-08-28 12:00:00,4,21.36405556
2015-08-28 12:00:00,5,21.60796528
2015-08-28 12:00:00,6,19.81266243
2015-08-28 12:00:00,7,17.68519565
2015-08-28 12:00:00,8,21.001
2015-08-28 12:00:00,9,21.15118056
2015-08-28 12:00:00,10,20.89690972
2015-08-28 12:00:00,11,22.3509375
2015-08-28 12:00:00,12,18.06996528
2015-08-28 12:00:00,13,15.2355625
2015-08-28 12:00:00,14,12.96813889
2015-08-28 12:00:00,15,12.681625
2015-08-28 12:00:00,16,12.95484028
2015-08-28 12:00:00,17,12.42198611
2015-08-28 12:00:00,18,11.39768056
2015-08-28 12:00:00,19,11.27765972
2015-08-28 12:00:00,20,11.35979167
2015-08-29 12:00:00,0,20.76263889
2015-08-29 12:00:00,0.5,21.27297917
2015-08-29 12:00:00,1,22.32877083
2015-08-29 12:00:00,1.5,20.79436806
2015-08-29 12:00:00,2,22.33844444
2015-08-29 12:00:00,3,21.8456875
2015-08-29 12:00:00,4,21.14490972
2015-08-29 12:00:00,5,21.39498611
2015-08-29 12:00:00,6,20.1020883
2015-08-29 12:00:00,7,18.88532328
2015-08-29 12:00:00,8,20.83935417
2015-08-29 12:00:00,9,21.00590972
2015-08-29 12:00:00,10,20.804875
2015-08-29 12:00:00,11,22.37943056
2015-08-29 12:00:00,12,17.64504861
2015-08-29 12:00:00,13,14.86547222
2015-08-29 12:00:00,14,13.25071528
2015-08-29 12:00:00,15,12.938875
2015-08-29 12:00:00,16,13.09779167
2015-08-29 12:00:00,17,12.50435417
2015-08-29 12:00:00,18,11.51188194
2015-08-29 12:00:00,19,11.22155556
2015-08-29 12:00:00,20,11.34998611
2015-08-03 12:00:00,0,24.29223611
2015-08-03 12:00:00,0.5,24.83811111
2015-08-03 12:00:00,1,25.46865278
2015-08-03 12:00:00,1.5,24.39734028
2015-08-03 12:00:00,2,25.07824306
2015-08-03 12:00:00,3,25.03904167
2015-08-03 12:00:00,4,24.97388889
2015-08-03 12:00:00,5,25.38270833
2015-08-03 12:00:00,6,24.42865278
2015-08-03 12:00:00,7,25.05920833
2015-08-03 12:00:00,8,24.26253472
2015-08-03 12:00:00,9,23.52039583
2015-08-03 12:00:00,10,20.37552083
2015-08-03 12:00:00,11,18.48538194
2015-08-03 12:00:00,12,14.88615278
2015-08-03 12:00:00,13,15.03122917
2015-08-03 12:00:00,14,13.90370139
2015-08-03 12:00:00,15,12.899375
2015-08-03 12:00:00,16,12.63480556
2015-08-03 12:00:00,17,14.02829167
2015-08-03 12:00:00,18,11.80209028
2015-08-03 12:00:00,19,11.58858333
2015-08-03 12:00:00,20,11.92999306
2015-08-30 12:00:00,0,21.19658333
2015-08-30 12:00:00,0.5,21.58675694
2015-08-30 12:00:00,1,22.64910417
2015-08-30 12:00:00,1.5,21.06826389
2015-08-30 12:00:00,2,22.37310417
2015-08-30 12:00:00,3,21.92709028
2015-08-30 12:00:00,4,21.16973611
2015-08-30 12:00:00,5,21.55030556
2015-08-30 12:00:00,6,20.68204861
2015-08-30 12:00:00,7,18.68138194
2015-08-30 12:00:00,8,20.80825694
2015-08-30 12:00:00,9,20.96219444
2015-08-30 12:00:00,10,20.74569444
2015-08-30 12:00:00,11,22.31044444
2015-08-30 12:00:00,12,18.22185417
2015-08-30 12:00:00,13,14.88636111
2015-08-30 12:00:00,14,12.83888194
2015-08-30 12:00:00,15,12.64249306
2015-08-30 12:00:00,16,13.02630556
2015-08-30 12:00:00,17,12.35843056
2015-08-30 12:00:00,18,11.42882639
2015-08-30 12:00:00,19,11.09022222
2015-08-30 12:00:00,20,11.35777778
2015-08-31 12:00:00,0,21.71973611
2015-08-31 12:00:00,0.5,21.96252083
2015-08-31 12:00:00,1,23.04314583
2015-08-31 12:00:00,1.5,21.44120833
2015-08-31 12:00:00,2,22.46445833
2015-08-31 12:00:00,3,22.09566667
2015-08-31 12:00:00,4,21.2874375
2015-08-31 12:00:00,5,21.84733333
2015-08-31 12:00:00,6,20.37427083
2015-08-31 12:00:00,7,19.72443285
2015-08-31 12:00:00,8,20.77407639
2015-08-31 12:00:00,9,20.9169375
2015-08-31 12:00:00,10,20.66111806
2015-08-31 12:00:00,11,22.07239583
2015-08-31 12:00:00,12,18.44915278
2015-08-31 12:00:00,13,15.45949306
2015-08-31 12:00:00,14,13.02082639
2015-08-31 12:00:00,15,12.65285417
2015-08-31 12:00:00,16,12.98872222
2015-08-31 12:00:00,17,12.31173611
2015-08-31 12:00:00,18,11.52511806
2015-08-31 12:00:00,19,11.20414583
2015-08-31 12:00:00,20,11.49818056
2015-08-04 12:00:00,0,24.14423611
2015-08-04 12:00:00,0.5,24.67623611
2015-08-04 12:00:00,1,25.36975694
2015-08-04 12:00:00,1.5,24.22261111
2015-08-04 12:00:00,2,24.83625
2015-08-04 12:00:00,3,24.82608333
2015-08-04 12:00:00,4,24.69358333
2015-08-04 12:00:00,5,25.195625
2015-08-04 12:00:00,6,24.20061111
2015-08-04 12:00:00,7,24.85447917
2015-08-04 12:00:00,8,24.185125
2015-08-04 12:00:00,9,23.53999306
2015-08-04 12:00:00,10,19.90118056
2015-08-04 12:00:00,11,17.64351389
2015-08-04 12:00:00,12,14.32061111
2015-08-04 12:00:00,13,14.60855556
2015-08-04 12:00:00,14,13.646
2015-08-04 12:00:00,15,12.71879167
2015-08-04 12:00:00,16,12.38694444
2015-08-04 12:00:00,17,13.63441667
2015-08-04 12:00:00,18,11.60153472
2015-08-04 12:00:00,19,11.47727778
2015-08-04 12:00:00,20,11.76577778
2015-08-05 12:00:00,0,25.1790625
2015-08-05 12:00:00,0.5,25.176375
2015-08-05 12:00:00,1,25.75032639
2015-08-05 12:00:00,1.5,24.39546528
2015-08-05 12:00:00,2,24.83125
2015-08-05 12:00:00,3,24.91001389
2015-08-05 12:00:00,4,24.68297917
2015-08-05 12:00:00,5,25.29145833
2015-08-05 12:00:00,6,24.12271528
2015-08-05 12:00:00,7,24.68477083
2015-08-05 12:00:00,8,23.91705556
2015-08-05 12:00:00,9,22.79261806
2015-08-05 12:00:00,10,18.42526389
2015-08-05 12:00:00,11,17.41369444
2015-08-05 12:00:00,12,14.34197222
2015-08-05 12:00:00,13,14.73740278
2015-08-05 12:00:00,14,13.61979861
2015-08-05 12:00:00,15,12.87027083
2015-08-05 12:00:00,16,12.62675
2015-08-05 12:00:00,17,13.53545833
2015-08-05 12:00:00,18,11.57966667
2015-08-05 12:00:00,19,11.33745139
2015-08-05 12:00:00,20,11.77052778
2015-08-06 12:00:00,0,24.94613889
2015-08-06 12:00:00,0.5,25.15859722
2015-08-06 12:00:00,1,25.75943056
2015-08-06 12:00:00,1.5,24.3895625
2015-08-06 12:00:00,2,24.85281944
2015-08-06 12:00:00,3,24.8968125
2015-08-06 12:00:00,4,24.65419444
2015-08-06 12:00:00,5,25.27515278
2015-08-06 12:00:00,6,24.0945625
2015-08-06 12:00:00,7,24.46329861
2015-08-06 12:00:00,8,23.21990972
2015-08-06 12:00:00,9,21.52461806
2015-08-06 12:00:00,10,19.63377778
2015-08-06 12:00:00,11,18.25200694
2015-08-06 12:00:00,12,14.71366667
2015-08-06 12:00:00,13,14.73638194
2015-08-06 12:00:00,14,13.66198611
2015-08-06 12:00:00,15,12.83463889
2015-08-06 12:00:00,16,12.41561111
2015-08-06 12:00:00,17,13.22669444
2015-08-06 12:00:00,18,11.49850694
2015-08-06 12:00:00,19,11.18463194
2015-08-06 12:00:00,20,11.63781944
2015-08-07 12:00:00,0,23.9100625
2015-08-07 12:00:00,0.5,24.39851389
2015-08-07 12:00:00,1,25.23945833
2015-08-07 12:00:00,1.5,23.97806944
2015-08-07 12:00:00,2,24.76976389
2015-08-07 12:00:00,3,24.67277778
2015-08-07 12:00:00,4,24.48974306
2015-08-07 12:00:00,5,24.94686806
2015-08-07 12:00:00,6,24.05822917
2015-08-07 12:00:00,7,24.58188194
2015-08-07 12:00:00,8,23.82157639
2015-08-07 12:00:00,9,22.72161806
2015-08-07 12:00:00,10,20.18726389
2015-08-07 12:00:00,11,18.91155556
2015-08-07 12:00:00,12,15.09926389
2015-08-07 12:00:00,13,14.76435417
2015-08-07 12:00:00,14,13.61192361
2015-08-07 12:00:00,15,12.93439583
2015-08-07 12:00:00,16,12.576875
2015-08-07 12:00:00,17,13.03055556
2015-08-07 12:00:00,18,11.59234028
2015-08-07 12:00:00,19,11.26122917
2015-08-07 12:00:00,20,11.66571528
2015-08-08 12:00:00,0,23.77085417
2015-08-08 12:00:00,0.5,24.23355556
2015-08-08 12:00:00,1,25.13301389
2015-08-08 12:00:00,1.5,23.83045833
2015-08-08 12:00:00,2,24.66445833
2015-08-08 12:00:00,3,24.52819444
2015-08-08 12:00:00,4,24.31856944
2015-08-08 12:00:00,5,24.78690278
2015-08-08 12:00:00,6,23.92288194
2015-08-08 12:00:00,7,24.44109722
2015-08-08 12:00:00,8,23.8576875
2015-08-08 12:00:00,9,23.02270139
2015-08-08 12:00:00,10,19.26535417
2015-08-08 12:00:00,11,18.25059722
2015-08-08 12:00:00,12,14.55334722
2015-08-08 12:00:00,13,14.56708333
2015-08-08 12:00:00,14,13.64717361
2015-08-08 12:00:00,15,13.0889375
2015-08-08 12:00:00,16,12.75913194
2015-08-08 12:00:00,17,12.69658333
2015-08-08 12:00:00,18,11.65115278
2015-08-08 12:00:00,19,11.2394375
2015-08-08 12:00:00,20,11.65598611
2015-08-09 12:00:00,0,24.05655556
2015-08-09 12:00:00,0.5,24.45897917
2015-08-09 12:00:00,1,25.29256944
2015-08-09 12:00:00,1.5,23.85031944
2015-08-09 12:00:00,2,24.4746875
2015-08-09 12:00:00,3,24.39761806
2015-08-09 12:00:00,4,24.14163889
2015-08-09 12:00:00,5,24.71955556
2015-08-09 12:00:00,6,23.63513889
2015-08-09 12:00:00,7,24.11815278
2015-08-09 12:00:00,8,23.54409722
2015-08-09 12:00:00,9,22.6151875
2015-08-09 12:00:00,10,19.33745139
2015-08-09 12:00:00,11,18.50834722
2015-08-09 12:00:00,12,14.58252778
2015-08-09 12:00:00,13,14.63883333
2015-08-09 12:00:00,14,13.32123611
2015-08-09 12:00:00,15,12.81185417
2015-08-09 12:00:00,16,12.58039583
2015-08-09 12:00:00,17,12.26852083
2015-08-09 12:00:00,18,11.6134375
2015-08-09 12:00:00,19,11.10288889
2015-08-09 12:00:00,20,11.56951389
2015-09-01 12:00:00,0,21.91879556
2015-09-01 12:00:00,0.5,22.22064976
2015-09-01 12:00:00,1,23.31917591
2015-09-01 12:00:00,1.5,21.84290016
2015-09-01 12:00:00,2,22.55347068
2015-09-01 12:00:00,3,22.36497623
2015-09-01 12:00:00,4,21.48136292
2015-09-01 12:00:00,5,22.20377179
2015-09-01 12:00:00,6,20.64892235
2015-09-01 12:00:00,7,16.82136292
2015-09-01 12:00:00,8,20.76223455
2015-09-01 12:00:00,9,20.89095087
2015-09-01 12:00:00,10,20.63131537
2015-09-01 12:00:00,11,22.00041204
2015-09-01 12:00:00,12,18.13405705
2015-09-01 12:00:00,13,14.68179081
2015-09-01 12:00:00,14,12.80256735
2015-09-01 12:00:00,15,12.75231379
2015-09-01 12:00:00,16,13.16066561
2015-09-01 12:00:00,17,12.31824089
2015-09-01 12:00:00,18,11.58095087
2015-09-01 12:00:00,19,11.21950872
2015-09-01 12:00:00,20,11.50220285