"datetime","depth","temp"
2010-02-01 12:00:00,0,1.8
2010-02-01 12:00:00,1,2
2010-02-01 12:00:00,2,2
2010-02-01 12:00:00,3,2
2010-02-01 12:00:00,4,2
2010-02-01 12:00:00,5,2
2010-02-01 12:00:00,6,2
2010-02-01 12:00:00,7,2
2010-02-01 12:00:00,8,2
2010-02-01 12:00:00,9,2
2010-02-01 12:00:00,10,2
2010-02-01 12:00:00,11,2
2010-02-01 12:00:00,12,2
2010-02-01 12:00:00,13,2
2010-02-01 12:00:00,14,2
2010-02-01 12:00:00,15,2.1
2010-02-01 12:00:00,16,2.2
2010-02-01 12:00:00,17,2.4
2010-02-01 12:00:00,18,2.5
2010-02-01 12:00:00,19,2.7
2010-02-01 12:00:00,20,2.7
2010-02-01 12:00:00,21,2.8
2010-02-01 12:00:00,22,3.1
2010-02-01 12:00:00,23,3.3
2010-02-01 12:00:00,24,3.7
2010-03-29 12:00:00,0,4.5
2010-03-29 12:00:00,1,4.4
2010-03-29 12:00:00,2,4.4
2010-03-29 12:00:00,3,4.4
2010-03-29 12:00:00,4,4.4
2010-03-29 12:00:00,5,4.4
2010-03-29 12:00:00,6,4.4
2010-03-29 12:00:00,7,4.4
2010-03-29 12:00:00,8,4.4
2010-03-29 12:00:00,9,4.4
2010-03-29 12:00:00,10,4.4
2010-03-29 12:00:00,11,4.4
2010-03-29 12:00:00,12,4.4
2010-03-29 12:00:00,13,4.4
2010-03-29 12:00:00,14,4.4
2010-03-29 12:00:00,15,4.4
2010-03-29 12:00:00,16,4.4
2010-03-29 12:00:00,17,4.4
2010-03-29 12:00:00,18,4.4
2010-03-29 12:00:00,19,4.4
2010-03-29 12:00:00,20,4.4
2010-03-29 12:00:00,21,4.4
2010-03-29 12:00:00,22,4.4
2010-03-29 12:00:00,23,4.4
2010-03-29 12:00:00,24,4.2
2010-03-29 12:00:00,24.3,4.2
2010-04-13 12:00:00,0,6.9
2010-04-13 12:00:00,1,6.9
2010-04-13 12:00:00,2,6.9
2010-04-13 12:00:00,3,6.8
2010-04-13 12:00:00,4,6.8
2010-04-13 12:00:00,5,6.8
2010-04-13 12:00:00,6,6.8
2010-04-13 12:00:00,7,6.8
2010-04-13 12:00:00,8,6.8
2010-04-13 12:00:00,9,6.8
2010-04-13 12:00:00,10,6.7
2010-04-13 12:00:00,11,6.7
2010-04-13 12:00:00,12,6.6
2010-04-13 12:00:00,13,6.6
2010-04-13 12:00:00,14,6.4
2010-04-13 12:00:00,15,6.2
2010-04-13 12:00:00,16,6.2
2010-04-13 12:00:00,17,6.1
2010-04-13 12:00:00,18,6.1
2010-04-13 12:00:00,19,6.1
2010-04-13 12:00:00,20,6.1
2010-04-13 12:00:00,21,6
2010-04-13 12:00:00,22,6
2010-04-13 12:00:00,23,6
2010-04-13 12:00:00,24,6
2010-04-13 12:00:00,24.5,6.1
2010-04-26 12:00:00,0,9.8
2010-04-26 12:00:00,1,9.8
2010-04-26 12:00:00,2,9.8
2010-04-26 12:00:00,3,9.7
2010-04-26 12:00:00,4,9.7
2010-04-26 12:00:00,5,9.7
2010-04-26 12:00:00,6,9.7
2010-04-26 12:00:00,7,9.6
2010-04-26 12:00:00,8,9.3
2010-04-26 12:00:00,9,9.1
2010-04-26 12:00:00,10,9.1
2010-04-26 12:00:00,11,9.1
2010-04-26 12:00:00,12,9.1
2010-04-26 12:00:00,13,9.1
2010-04-26 12:00:00,14,9.1
2010-04-26 12:00:00,15,9
2010-04-26 12:00:00,16,9
2010-04-26 12:00:00,17,9
2010-04-26 12:00:00,18,9
2010-04-26 12:00:00,19,9
2010-04-26 12:00:00,20,8.9
2010-04-26 12:00:00,21,8.8
2010-04-26 12:00:00,22,8.8
2010-04-26 12:00:00,23,8.8
2010-04-26 12:00:00,24,8.9
2010-05-10 12:00:00,0,12.1
2010-05-10 12:00:00,1,12.1
2010-05-10 12:00:00,2,12.1
2010-05-10 12:00:00,3,12
2010-05-10 12:00:00,4,12
2010-05-10 12:00:00,5,12
2010-05-10 12:00:00,6,12
2010-05-10 12:00:00,7,12
2010-05-10 12:00:00,8,11.9
2010-05-10 12:00:00,9,11.8
2010-05-10 12:00:00,10,11.8
2010-05-10 12:00:00,11,11.8
2010-05-10 12:00:00,12,11.7
2010-05-10 12:00:00,13,11.7
2010-05-10 12:00:00,14,11.7
2010-05-10 12:00:00,15,11.7
2010-05-10 12:00:00,16,11.6
2010-05-10 12:00:00,17,11.6
2010-05-10 12:00:00,18,11.6
2010-05-10 12:00:00,19,11.6
2010-05-10 12:00:00,20,11.6
2010-05-10 12:00:00,21,11.5
2010-05-10 12:00:00,22,11.4
2010-05-10 12:00:00,23,11.4
2010-05-10 12:00:00,24,11.4
2010-05-10 12:00:00,24.5,11.4
2010-05-24 12:00:00,0,20.3
2010-05-24 12:00:00,1,17.7
2010-05-24 12:00:00,2,17.5
2010-05-24 12:00:00,3,15.9
2010-05-24 12:00:00,4,15.3
2010-05-24 12:00:00,5,14.8
2010-05-24 12:00:00,6,14.4
2010-05-24 12:00:00,7,14.2
2010-05-24 12:00:00,8,13.9
2010-05-24 12:00:00,9,13.4
2010-05-24 12:00:00,10,13
2010-05-24 12:00:00,11,12.6
2010-05-24 12:00:00,12,12.5
2010-05-24 12:00:00,13,12.1
2010-05-24 12:00:00,14,11.9
2010-05-24 12:00:00,15,11.8
2010-05-24 12:00:00,16,11.7
2010-05-24 12:00:00,17,11.7
2010-05-24 12:00:00,18,11.7
2010-05-24 12:00:00,19,11.7
2010-05-24 12:00:00,20,11.6
2010-05-24 12:00:00,21,11.6
2010-05-24 12:00:00,22,11.6
2010-05-24 12:00:00,23,11.6
2010-05-24 12:00:00,24,11.6
2010-05-24 12:00:00,24.1,11.6
2010-06-07 12:00:00,0,20.6
2010-06-07 12:00:00,1,20.6
2010-06-07 12:00:00,2,20.5
2010-06-07 12:00:00,3,20.3
2010-06-07 12:00:00,4,20.1
2010-06-07 12:00:00,5,20
2010-06-07 12:00:00,6,19.3
2010-06-07 12:00:00,7,14.8
2010-06-07 12:00:00,8,14.5
2010-06-07 12:00:00,9,13.7
2010-06-07 12:00:00,10,13.3
2010-06-07 12:00:00,11,12.8
2010-06-07 12:00:00,12,12.8
2010-06-07 12:00:00,13,12.5
2010-06-07 12:00:00,14,12.4
2010-06-07 12:00:00,15,12.2
2010-06-07 12:00:00,16,12.1
2010-06-07 12:00:00,17,11.9
2010-06-07 12:00:00,18,11.8
2010-06-07 12:00:00,19,11.6
2010-06-07 12:00:00,20,11.6
2010-06-07 12:00:00,21,11.6
2010-06-07 12:00:00,22,11.6
2010-06-07 12:00:00,23,11.6
2010-06-07 12:00:00,24,11.6
2010-06-07 12:00:00,24.5,11.6
2010-06-21 12:00:00,0,22.3
2010-06-21 12:00:00,1,22.3
2010-06-21 12:00:00,2,22.1
2010-06-21 12:00:00,3,22.1
2010-06-21 12:00:00,4,22
2010-06-21 12:00:00,5,21.7
2010-06-21 12:00:00,6,21
2010-06-21 12:00:00,6.5,20.7
2010-06-21 12:00:00,7,20.5
2010-06-21 12:00:00,7.5,20
2010-06-21 12:00:00,8,18.6
2010-06-21 12:00:00,8.5,18
2010-06-21 12:00:00,9,17.8
2010-06-21 12:00:00,9.5,15.8
2010-06-21 12:00:00,10,14.7
2010-06-21 12:00:00,10.5,14.2
2010-06-21 12:00:00,11,13.6
2010-06-21 12:00:00,12,13.2
2010-06-21 12:00:00,13,13
2010-06-21 12:00:00,14,12.7
2010-06-21 12:00:00,15,12.5
2010-06-21 12:00:00,16,12.4
2010-06-21 12:00:00,17,12.3
2010-06-21 12:00:00,18,12.2
2010-06-21 12:00:00,19,12
2010-06-21 12:00:00,20,12
2010-06-21 12:00:00,21,11.9
2010-06-21 12:00:00,22,11.9
2010-06-21 12:00:00,23,11.9
2010-06-21 12:00:00,24,11.9
2010-06-21 12:00:00,24.5,11.9
2010-07-05 12:00:00,0,24.2
2010-07-05 12:00:00,1,24.2
2010-07-05 12:00:00,2,24.1
2010-07-05 12:00:00,3,24.1
2010-07-05 12:00:00,4,24
2010-07-05 12:00:00,5,23.9
2010-07-05 12:00:00,5.5,23.9
2010-07-05 12:00:00,6,23.9
2010-07-05 12:00:00,6.5,23.9
2010-07-05 12:00:00,7,23.6
2010-07-05 12:00:00,7.5,23.4
2010-07-05 12:00:00,8,22.6
2010-07-05 12:00:00,8.5,19.6
2010-07-05 12:00:00,9,19
2010-07-05 12:00:00,9.5,18
2010-07-05 12:00:00,10,16.3
2010-07-05 12:00:00,11,13.9
2010-07-05 12:00:00,12,13.2
2010-07-05 12:00:00,13,12.8
2010-07-05 12:00:00,14,12.5
2010-07-05 12:00:00,15,12.3
2010-07-05 12:00:00,16,12.3
2010-07-05 12:00:00,17,12.2
2010-07-05 12:00:00,18,12
2010-07-05 12:00:00,19,12
2010-07-05 12:00:00,20,11.9
2010-07-05 12:00:00,21,11.8
2010-07-05 12:00:00,22,11.8
2010-07-05 12:00:00,23,11.8
2010-07-05 12:00:00,24,11.9
2010-07-05 12:00:00,24.5,11.9
2010-07-19 12:00:00,0,26.4
2010-07-19 12:00:00,1,26.3
2010-07-19 12:00:00,2,26
2010-07-19 12:00:00,3,25.7
2010-07-19 12:00:00,4,25.7
2010-07-19 12:00:00,5,25.7
2010-07-19 12:00:00,6,25.5
2010-07-19 12:00:00,7,25.4
2010-07-19 12:00:00,7.5,25.4
2010-07-19 12:00:00,8,25.4
2010-07-19 12:00:00,8.5,25.3
2010-07-19 12:00:00,9,20.2
2010-07-19 12:00:00,9.5,18.5
2010-07-19 12:00:00,10,17
2010-07-19 12:00:00,11,16
2010-07-19 12:00:00,12,15
2010-07-19 12:00:00,13,14.5
2010-07-19 12:00:00,14,13.7
2010-07-19 12:00:00,15,12.8
2010-07-19 12:00:00,16,12.6
2010-07-19 12:00:00,17,12.5
2010-07-19 12:00:00,18,12.4
2010-07-19 12:00:00,19,12.2
2010-07-19 12:00:00,20,12.2
2010-07-19 12:00:00,21,12.1
2010-07-19 12:00:00,22,12.1
2010-07-19 12:00:00,23,12
2010-07-19 12:00:00,24,11.8
2010-07-19 12:00:00,24.5,11.8
2010-08-03 12:00:00,0,26.9
2010-08-03 12:00:00,1,26.2
2010-08-03 12:00:00,2,26
2010-08-03 12:00:00,3,26
2010-08-03 12:00:00,4,25.9
2010-08-03 12:00:00,5,25.8
2010-08-03 12:00:00,6,25.8
2010-08-03 12:00:00,6.5,25.7
2010-08-03 12:00:00,7,25.6
2010-08-03 12:00:00,7.5,25.1
2010-08-03 12:00:00,8,24.6
2010-08-03 12:00:00,8.5,23.7
2010-08-03 12:00:00,9,22.3
2010-08-03 12:00:00,9.5,21.6
2010-08-03 12:00:00,10,19.7
2010-08-03 12:00:00,10.5,18
2010-08-03 12:00:00,11,16.7
2010-08-03 12:00:00,11.5,16.2
2010-08-03 12:00:00,12,15.7
2010-08-03 12:00:00,13,14.3
2010-08-03 12:00:00,14,13.6
2010-08-03 12:00:00,15,13
2010-08-03 12:00:00,16,12.7
2010-08-03 12:00:00,17,12.4
2010-08-03 12:00:00,18,12.2
2010-08-03 12:00:00,19,12
2010-08-03 12:00:00,20,11.9
2010-08-03 12:00:00,21,11.8
2010-08-03 12:00:00,22,11.8
2010-08-03 12:00:00,23,11.7
2010-08-03 12:00:00,24,11.7
2010-08-03 12:00:00,24.6,11.7
2010-08-16 12:00:00,0,25.1
2010-08-16 12:00:00,1,25.1
2010-08-16 12:00:00,2,25.1
2010-08-16 12:00:00,3,25.1
2010-08-16 12:00:00,4,25.1
2010-08-16 12:00:00,5,25.1
2010-08-16 12:00:00,6,25.1
2010-08-16 12:00:00,7,25.1
2010-08-16 12:00:00,8,25.1
2010-08-16 12:00:00,9,25.1
2010-08-16 12:00:00,9.5,25.1
2010-08-16 12:00:00,10,25
2010-08-16 12:00:00,10.5,25
2010-08-16 12:00:00,11,24
2010-08-16 12:00:00,11.5,17.7
2010-08-16 12:00:00,12,16.4
2010-08-16 12:00:00,12.5,15.8
2010-08-16 12:00:00,13,15.3
2010-08-16 12:00:00,13.5,14.6
2010-08-16 12:00:00,14,14.1
2010-08-16 12:00:00,15,13.6
2010-08-16 12:00:00,16,13.3
2010-08-16 12:00:00,17,12.9
2010-08-16 12:00:00,18,12.6
2010-08-16 12:00:00,19,12.4
2010-08-16 12:00:00,20,12.3
2010-08-16 12:00:00,21,12.1
2010-08-16 12:00:00,22,12
2010-08-16 12:00:00,23,11.9
2010-08-16 12:00:00,24,11.9
2010-08-16 12:00:00,24.5,12
2010-08-30 12:00:00,0,24.3
2010-08-30 12:00:00,1,24.3
2010-08-30 12:00:00,2,24.3
2010-08-30 12:00:00,3,24.3
2010-08-30 12:00:00,4,24.3
2010-08-30 12:00:00,5,24.3
2010-08-30 12:00:00,6,24.3
2010-08-30 12:00:00,7,24.2
2010-08-30 12:00:00,8,24.2
2010-08-30 12:00:00,9,23.8
2010-08-30 12:00:00,9.5,23.7
2010-08-30 12:00:00,10,23.6
2010-08-30 12:00:00,10.5,22.5
2010-08-30 12:00:00,11,21.7
2010-08-30 12:00:00,11.5,18.6
2010-08-30 12:00:00,12,16.8
2010-08-30 12:00:00,12.5,14.5
2010-08-30 12:00:00,13,13.9
2010-08-30 12:00:00,14,13.5
2010-08-30 12:00:00,15,13
2010-08-30 12:00:00,16,12.8
2010-08-30 12:00:00,17,12.5
2010-08-30 12:00:00,18,12.3
2010-08-30 12:00:00,19,12.1
2010-08-30 12:00:00,20,12
2010-08-30 12:00:00,21,12
2010-08-30 12:00:00,22,11.9
2010-08-30 12:00:00,23,11.8
2010-08-30 12:00:00,24,11.8
2010-08-30 12:00:00,24.9,11.8
2010-10-05 12:00:00,0,17.3
2010-10-05 12:00:00,1,17
2010-10-05 12:00:00,2,16.9
2010-10-05 12:00:00,3,16.9
2010-10-05 12:00:00,4,16.9
2010-10-05 12:00:00,5,16.9
2010-10-05 12:00:00,6,16.9
2010-10-05 12:00:00,7,16.9
2010-10-05 12:00:00,8,16.9
2010-10-05 12:00:00,9,16.9
2010-10-05 12:00:00,10,16.9
2010-10-05 12:00:00,11,16.9
2010-10-05 12:00:00,12,16.9
2010-10-05 12:00:00,13,16.9
2010-10-05 12:00:00,13.5,16.9
2010-10-05 12:00:00,14,16.9
2010-10-05 12:00:00,14.5,16.9
2010-10-05 12:00:00,15,16.9
2010-10-05 12:00:00,15.5,16.7
2010-10-05 12:00:00,16,16.5
2010-10-05 12:00:00,16.5,16.2
2010-10-05 12:00:00,17,15.7
2010-10-05 12:00:00,18,13.5
2010-10-05 12:00:00,19,12.5
2010-10-05 12:00:00,20,12.4
2010-10-05 12:00:00,21,12.4
2010-10-05 12:00:00,22,12.3
2010-10-05 12:00:00,23,12.3
2010-10-05 12:00:00,24,12.2
2010-10-05 12:00:00,24.5,12.2
2010-11-09 12:00:00,0,10.9
2010-11-09 12:00:00,1,10.9
2010-11-09 12:00:00,2,10.9
2010-11-09 12:00:00,3,10.9
2010-11-09 12:00:00,4,10.9
2010-11-09 12:00:00,5,10.9
2010-11-09 12:00:00,6,10.9
2010-11-09 12:00:00,7,10.9
2010-11-09 12:00:00,8,10.9
2010-11-09 12:00:00,9,10.9
2010-11-09 12:00:00,10,10.8
2010-11-09 12:00:00,11,10.8
2010-11-09 12:00:00,12,10.8
2010-11-09 12:00:00,13,10.8
2010-11-09 12:00:00,14,10.7
2010-11-09 12:00:00,15,10.7
2010-11-09 12:00:00,16,10.6
2010-11-09 12:00:00,17,10.6
2010-11-09 12:00:00,18,10.6
2010-11-09 12:00:00,19,10.6
2010-11-09 12:00:00,20,10.6
2010-11-09 12:00:00,21,10.6
2010-11-09 12:00:00,22,10.6
2010-11-09 12:00:00,23,10.6
2010-11-09 12:00:00,24,10.6
2010-11-09 12:00:00,24.5,10.6
2011-01-19 12:00:00,0,0.3
2011-01-19 12:00:00,1,1.5
2011-01-19 12:00:00,2,1.7
2011-01-19 12:00:00,3,1.7
2011-01-19 12:00:00,4,1.7
2011-01-19 12:00:00,5,1.8
2011-01-19 12:00:00,6,1.8
2011-01-19 12:00:00,7,1.8
2011-01-19 12:00:00,8,1.8
2011-01-19 12:00:00,9,1.8
2011-01-19 12:00:00,10,1.8
2011-01-19 12:00:00,11,1.8
2011-01-19 12:00:00,12,1.9
2011-01-19 12:00:00,13,2
2011-01-19 12:00:00,14,2.2
2011-01-19 12:00:00,15,2.2
2011-01-19 12:00:00,16,2.3
2011-01-19 12:00:00,17,2.5
2011-01-19 12:00:00,18,2.6
2011-01-19 12:00:00,19,2.7
2011-01-19 12:00:00,20,2.7
2011-01-19 12:00:00,21,2.9
2011-01-19 12:00:00,22,2.9
2011-01-19 12:00:00,23,3.2
2011-01-19 12:00:00,24,3.6
2011-01-19 12:00:00,24.6,4.5
2011-04-18 12:00:00,0,6.2
2011-04-18 12:00:00,1,6.1
2011-04-18 12:00:00,2,6.1
2011-04-18 12:00:00,3,6.1
2011-04-18 12:00:00,4,6
2011-04-18 12:00:00,5,6
2011-04-18 12:00:00,6,6
2011-04-18 12:00:00,7,6
2011-04-18 12:00:00,8,6
2011-04-18 12:00:00,9,6
2011-04-18 12:00:00,10,6
2011-04-18 12:00:00,11,6
2011-04-18 12:00:00,12,6
2011-04-18 12:00:00,13,6
2011-04-18 12:00:00,14,6
2011-04-18 12:00:00,15,6
2011-04-18 12:00:00,16,6
2011-04-18 12:00:00,17,6
2011-04-18 12:00:00,18,6
2011-04-18 12:00:00,19,6
2011-04-18 12:00:00,20,6
2011-04-18 12:00:00,21,6
2011-04-18 12:00:00,22,6
2011-04-18 12:00:00,23,6
2011-04-18 12:00:00,24,6
2011-04-18 12:00:00,24.3,6
2011-05-02 12:00:00,0,8
2011-05-02 12:00:00,1,7.9
2011-05-02 12:00:00,2,7.9
2011-05-02 12:00:00,3,7.9
2011-05-02 12:00:00,4,7.9
2011-05-02 12:00:00,5,7.9
2011-05-02 12:00:00,6,7.9
2011-05-02 12:00:00,7,7.9
2011-05-02 12:00:00,8,7.9
2011-05-02 12:00:00,9,7.8
2011-05-02 12:00:00,10,7.8
2011-05-02 12:00:00,11,7.8
2011-05-02 12:00:00,12,7.8
2011-05-02 12:00:00,13,7.8
2011-05-02 12:00:00,14,7.8
2011-05-02 12:00:00,15,7.8
2011-05-02 12:00:00,16,7.8
2011-05-02 12:00:00,17,7.8
2011-05-02 12:00:00,18,7.8
2011-05-02 12:00:00,19,7.8
2011-05-02 12:00:00,20,7.7
2011-05-02 12:00:00,21,7.7
2011-05-02 12:00:00,22,7.7
2011-05-02 12:00:00,23,7.7
2011-05-02 12:00:00,24,7.6
2011-05-02 12:00:00,24.4,7.6
2011-05-17 12:00:00,0,11.2
2011-05-17 12:00:00,1,11.1
2011-05-17 12:00:00,2,11
2011-05-17 12:00:00,3,11
2011-05-17 12:00:00,4,10.7
2011-05-17 12:00:00,5,10.7
2011-05-17 12:00:00,6,10.6
2011-05-17 12:00:00,7,10.5
2011-05-17 12:00:00,8,10.5
2011-05-17 12:00:00,9,10.4
2011-05-17 12:00:00,10,10.3
2011-05-17 12:00:00,11,10.1
2011-05-17 12:00:00,12,10.1
2011-05-17 12:00:00,13,10
2011-05-17 12:00:00,14,10
2011-05-17 12:00:00,15,10
2011-05-17 12:00:00,16,10
2011-05-17 12:00:00,17,10
2011-05-17 12:00:00,18,10
2011-05-17 12:00:00,19,9.9
2011-05-17 12:00:00,20,9.8
2011-05-17 12:00:00,21,9.4
2011-05-17 12:00:00,22,9
2011-05-17 12:00:00,22.9,9
2011-05-31 12:00:00,0,15
2011-05-31 12:00:00,1,14.9
2011-05-31 12:00:00,2,14.8
2011-05-31 12:00:00,3,14.8
2011-05-31 12:00:00,4,14.7
2011-05-31 12:00:00,5,14.7
2011-05-31 12:00:00,6,14.7
2011-05-31 12:00:00,7,14.7
2011-05-31 12:00:00,8,14.7
2011-05-31 12:00:00,9,14.6
2011-05-31 12:00:00,10,14.6
2011-05-31 12:00:00,11,14.3
2011-05-31 12:00:00,12,12.8
2011-05-31 12:00:00,13,12.1
2011-05-31 12:00:00,14,11.9
2011-05-31 12:00:00,15,11.7
2011-05-31 12:00:00,16,11.4
2011-05-31 12:00:00,17,11.3
2011-05-31 12:00:00,18,10.7
2011-05-31 12:00:00,19,10.7
2011-05-31 12:00:00,20,10.5
2011-05-31 12:00:00,21,10.2
2011-05-31 12:00:00,22,10.1
2011-05-31 12:00:00,23,9.9
2011-05-31 12:00:00,24,9.8
2011-06-13 12:00:00,0,18.9
2011-06-13 12:00:00,1,18.8
2011-06-13 12:00:00,2,18.7
2011-06-13 12:00:00,3,18.7
2011-06-13 12:00:00,4,18.7
2011-06-13 12:00:00,5,18.6
2011-06-13 12:00:00,6,18.6
2011-06-13 12:00:00,7,18.6
2011-06-13 12:00:00,8,18.6
2011-06-13 12:00:00,9,16.9
2011-06-13 12:00:00,10,15.7
2011-06-13 12:00:00,11,15.1
2011-06-13 12:00:00,12,14.5
2011-06-13 12:00:00,13,13.8
2011-06-13 12:00:00,14,12.9
2011-06-13 12:00:00,15,12.5
2011-06-13 12:00:00,16,12.2
2011-06-13 12:00:00,17,11.7
2011-06-13 12:00:00,18,11.5
2011-06-13 12:00:00,19,11.3
2011-06-13 12:00:00,20,11.1
2011-06-13 12:00:00,21,11
2011-06-13 12:00:00,22,10.9
2011-06-13 12:00:00,23,10.8
2011-06-13 12:00:00,24,10.8
2011-06-13 12:00:00,24.2,10.8
2011-06-27 12:00:00,0,20.6
2011-06-27 12:00:00,1,20.5
2011-06-27 12:00:00,2,20.3
2011-06-27 12:00:00,3,20.3
2011-06-27 12:00:00,4,20.3
2011-06-27 12:00:00,5,20.2
2011-06-27 12:00:00,6,20.2
2011-06-27 12:00:00,7,20.1
2011-06-27 12:00:00,8,19.9
2011-06-27 12:00:00,8.5,19.9
2011-06-27 12:00:00,9,19.9
2011-06-27 12:00:00,9.5,19.8
2011-06-27 12:00:00,10,18.5
2011-06-27 12:00:00,10.5,17.3
2011-06-27 12:00:00,11,15.6
2011-06-27 12:00:00,11.5,14.8
2011-06-27 12:00:00,12,14.3
2011-06-27 12:00:00,12.5,13.6
2011-06-27 12:00:00,13,13.4
2011-06-27 12:00:00,14,13.2
2011-06-27 12:00:00,15,12.9
2011-06-27 12:00:00,16,12.1
2011-06-27 12:00:00,17,11.8
2011-06-27 12:00:00,18,11.6
2011-06-27 12:00:00,19,11.4
2011-06-27 12:00:00,20,11.4
2011-06-27 12:00:00,21,11.3
2011-06-27 12:00:00,22,11.1
2011-06-27 12:00:00,23,11
2011-06-27 12:00:00,24,11
2011-06-27 12:00:00,24.4,11
2011-07-11 12:00:00,0,25.8
2011-07-11 12:00:00,1,25.8
2011-07-11 12:00:00,2,25.8
2011-07-11 12:00:00,3,25.8
2011-07-11 12:00:00,4,25.8
2011-07-11 12:00:00,5,25.7
2011-07-11 12:00:00,5.5,25.2
2011-07-11 12:00:00,6,24.4
2011-07-11 12:00:00,6.5,23.2
2011-07-11 12:00:00,7,22
2011-07-11 12:00:00,7.5,21.3
2011-07-11 12:00:00,8,21.2
2011-07-11 12:00:00,8.5,20.8
2011-07-11 12:00:00,9,20.6
2011-07-11 12:00:00,9.5,20.4
2011-07-11 12:00:00,10,19.9
2011-07-11 12:00:00,10.5,19
2011-07-11 12:00:00,11,17.9
2011-07-11 12:00:00,11.5,17
2011-07-11 12:00:00,12,15.1
2011-07-11 12:00:00,12.5,14.1
2011-07-11 12:00:00,13,13.5
2011-07-11 12:00:00,14,13
2011-07-11 12:00:00,15,12.6
2011-07-11 12:00:00,16,12.2
2011-07-11 12:00:00,17,11.9
2011-07-11 12:00:00,18,11.7
2011-07-11 12:00:00,19,11.5
2011-07-11 12:00:00,20,11.4
2011-07-11 12:00:00,21,11.4
2011-07-11 12:00:00,22,11.2
2011-07-11 12:00:00,23,11.2
2011-07-11 12:00:00,24,11.2
2011-07-11 12:00:00,24.2,11.2
2011-07-25 12:00:00,0,27.4
2011-07-25 12:00:00,1,27.3
2011-07-25 12:00:00,2,27.2
2011-07-25 12:00:00,3,27.1
2011-07-25 12:00:00,4,27.1
2011-07-25 12:00:00,5,27
2011-07-25 12:00:00,6,27
2011-07-25 12:00:00,6.5,27
2011-07-25 12:00:00,7,26.8
2011-07-25 12:00:00,7.5,24
2011-07-25 12:00:00,8,20.1
2011-07-25 12:00:00,9,18.9
2011-07-25 12:00:00,10,17.1
2011-07-25 12:00:00,11,15.1
2011-07-25 12:00:00,12,14.4
2011-07-25 12:00:00,13,13.7
2011-07-25 12:00:00,14,13.3
2011-07-25 12:00:00,15,12.8
2011-07-25 12:00:00,16,12.4
2011-07-25 12:00:00,17,11.9
2011-07-25 12:00:00,18,11.5
2011-07-25 12:00:00,19,11.5
2011-07-25 12:00:00,20,11.4
2011-07-25 12:00:00,21,11.4
2011-07-25 12:00:00,22,11.4
2011-07-25 12:00:00,23,11.4
2011-07-25 12:00:00,24,11.4
2011-07-25 12:00:00,24.4,11.3
2011-08-04 12:00:00,0,28.1
2011-08-04 12:00:00,1,28.1
2011-08-04 12:00:00,2,27.9
2011-08-04 12:00:00,3,27.8
2011-08-04 12:00:00,4,27.8
2011-08-04 12:00:00,4.5,27.7
2011-08-04 12:00:00,5,27.5
2011-08-04 12:00:00,5.5,26.3
2011-08-04 12:00:00,6,25.5
2011-08-04 12:00:00,6.5,24.8
2011-08-04 12:00:00,7,23.8
2011-08-04 12:00:00,8,21.8
2011-08-04 12:00:00,9,19.9
2011-08-04 12:00:00,10,17.8
2011-08-04 12:00:00,11,16.3
2011-08-04 12:00:00,12,15.4
2011-08-04 12:00:00,13,14.8
2011-08-04 12:00:00,14,13.8
2011-08-04 12:00:00,15,13.1
2011-08-04 12:00:00,16,12.7
2011-08-04 12:00:00,17,12.3
2011-08-04 12:00:00,18,11.6
2011-08-04 12:00:00,19,11.6
2011-08-04 12:00:00,20,11.5
2011-08-04 12:00:00,21,11.4
2011-08-04 12:00:00,22,11.3
2011-08-04 12:00:00,23,11.3
2011-08-04 12:00:00,24,11.3
2011-08-04 12:00:00,24.4,11.3
2011-08-22 12:00:00,0,25.1
2011-08-22 12:00:00,1,25
2011-08-22 12:00:00,2,24.9
2011-08-22 12:00:00,3,24.9
2011-08-22 12:00:00,4,24.9
2011-08-22 12:00:00,5,24.7
2011-08-22 12:00:00,6,24.5
2011-08-22 12:00:00,7,24.3
2011-08-22 12:00:00,7.5,24.3
2011-08-22 12:00:00,8,24.3
2011-08-22 12:00:00,8.5,24.3
2011-08-22 12:00:00,9,23.6
2011-08-22 12:00:00,9.5,21.4
2011-08-22 12:00:00,10,19.5
2011-08-22 12:00:00,10.5,18.7
2011-08-22 12:00:00,11,16.9
2011-08-22 12:00:00,11.5,16.3
2011-08-22 12:00:00,12,15.3
2011-08-22 12:00:00,12.5,14.5
2011-08-22 12:00:00,13,14.1
2011-08-22 12:00:00,14,13.5
2011-08-22 12:00:00,15,12.9
2011-08-22 12:00:00,16,12.5
2011-08-22 12:00:00,17,12.4
2011-08-22 12:00:00,18,12.1
2011-08-22 12:00:00,19,11.9
2011-08-22 12:00:00,20,11.8
2011-08-22 12:00:00,21,11.7
2011-08-22 12:00:00,22,11.5
2011-08-22 12:00:00,23,11.4
2011-08-22 12:00:00,24,11.3
2011-09-12 12:00:00,0,22.5
2011-09-12 12:00:00,1,22.5
2011-09-12 12:00:00,2,22.4
2011-09-12 12:00:00,3,22.4
2011-09-12 12:00:00,4,22.4
2011-09-12 12:00:00,5,22.3
2011-09-12 12:00:00,6,22.2
2011-09-12 12:00:00,7,22.2
2011-09-12 12:00:00,8,22.1
2011-09-12 12:00:00,9,21.7
2011-09-12 12:00:00,10,21.6
2011-09-12 12:00:00,10.5,21.2
2011-09-12 12:00:00,11,20.2
2011-09-12 12:00:00,11.5,18.1
2011-09-12 12:00:00,12,16.4
2011-09-12 12:00:00,12.5,15.6
2011-09-12 12:00:00,13,14.9
2011-09-12 12:00:00,14,13.8
2011-09-12 12:00:00,15,13.1
2011-09-12 12:00:00,16,12.7
2011-09-12 12:00:00,17,12.2
2011-09-12 12:00:00,18,11.9
2011-09-12 12:00:00,19,11.7
2011-09-12 12:00:00,20,11.5
2011-09-12 12:00:00,21,11.5
2011-09-12 12:00:00,22,11.4
2011-09-12 12:00:00,23,11.4
2011-09-12 12:00:00,24,11.3
2011-09-12 12:00:00,24.5,11.3
2011-10-03 12:00:00,0,15.9
2011-10-03 12:00:00,1,15.9
2011-10-03 12:00:00,2,15.8
2011-10-03 12:00:00,3,15.8
2011-10-03 12:00:00,4,15.8
2011-10-03 12:00:00,5,15.7
2011-10-03 12:00:00,6,15.7
2011-10-03 12:00:00,7,15.7
2011-10-03 12:00:00,8,15.6
2011-10-03 12:00:00,9,15.6
2011-10-03 12:00:00,10,15.6
2011-10-03 12:00:00,11,15.6
2011-10-03 12:00:00,12,15.6
2011-10-03 12:00:00,13,15.6
2011-10-03 12:00:00,14,15.6
2011-10-03 12:00:00,15,15.5
2011-10-03 12:00:00,15.5,15.5
2011-10-03 12:00:00,16,15.4
2011-10-03 12:00:00,16.5,15.1
2011-10-03 12:00:00,17,14.9
2011-10-03 12:00:00,17.5,14.2
2011-10-03 12:00:00,18,13.8
2011-10-03 12:00:00,19,12.5
2011-10-03 12:00:00,20,12.3
2011-10-03 12:00:00,21,12.2
2011-10-03 12:00:00,22,12.2
2011-10-03 12:00:00,23,12.1
2011-10-03 12:00:00,24,12
2011-10-03 12:00:00,24.5,12
2011-10-31 12:00:00,0,12.2
2011-10-31 12:00:00,1,12.2
2011-10-31 12:00:00,2,12.2
2011-10-31 12:00:00,3,12.2
2011-10-31 12:00:00,4,12.2
2011-10-31 12:00:00,5,12.2
2011-10-31 12:00:00,6,12.2
2011-10-31 12:00:00,7,12.2
2011-10-31 12:00:00,8,12.2
2011-10-31 12:00:00,9,12.2
2011-10-31 12:00:00,10,12.2
2011-10-31 12:00:00,11,12.2
2011-10-31 12:00:00,12,12.2
2011-10-31 12:00:00,13,12.2
2011-10-31 12:00:00,14,12.2
2011-10-31 12:00:00,15,12.2
2011-10-31 12:00:00,16,12.2
2011-10-31 12:00:00,17,12.2
2011-10-31 12:00:00,18,12.2
2011-10-31 12:00:00,19,12.2
2011-10-31 12:00:00,20,12.2
2011-10-31 12:00:00,21,12.2
2011-10-31 12:00:00,22,12.2
2011-10-31 12:00:00,23,12.1
2011-10-31 12:00:00,24,12.1
2011-10-31 12:00:00,24.5,12.1
2012-02-22 12:00:00,0,1.9
2012-02-22 12:00:00,1,2.8
2012-02-22 12:00:00,2,2.8
2012-02-22 12:00:00,3,2.8
2012-02-22 12:00:00,4,2.8
2012-02-22 12:00:00,5,2.8
2012-02-22 12:00:00,6,2.8
2012-02-22 12:00:00,7,2.8
2012-02-22 12:00:00,8,2.8
2012-02-22 12:00:00,9,2.8
2012-02-22 12:00:00,10,2.8
2012-02-22 12:00:00,11,2.8
2012-02-22 12:00:00,12,2.9
2012-02-22 12:00:00,13,3
2012-02-22 12:00:00,14,3.1
2012-02-22 12:00:00,15,3.1
2012-02-22 12:00:00,16,3.2
2012-02-28 12:00:00,1,NA
2012-02-28 12:00:00,3,NA
2012-02-28 12:00:00,4,NA
2012-02-28 12:00:00,5,NA
2012-03-21 12:00:00,0,7.3
2012-03-21 12:00:00,1,7.3
2012-03-21 12:00:00,2,7.2
2012-03-21 12:00:00,3,7.2
2012-03-21 12:00:00,4,7.1
2012-03-21 12:00:00,5,7
2012-03-21 12:00:00,6,7
2012-03-21 12:00:00,7,6.9
2012-03-21 12:00:00,8,6.9
2012-03-21 12:00:00,9,6.9
2012-03-21 12:00:00,10,6.8
2012-03-21 12:00:00,11,6.8
2012-03-21 12:00:00,12,6.8
2012-03-21 12:00:00,13,6.7
2012-03-21 12:00:00,14,6.7
2012-03-21 12:00:00,15,6.6
2012-03-21 12:00:00,16,6.6
2012-03-21 12:00:00,17,6.6
2012-03-21 12:00:00,18,6.6
2012-03-21 12:00:00,19,6.5
2012-03-21 12:00:00,20,6.2
2012-03-21 12:00:00,21,6.1
2012-03-21 12:00:00,22,6.1
2012-03-21 12:00:00,23,6.1
2012-03-21 12:00:00,24,6.1
2012-03-21 12:00:00,24.3,6.1
2012-04-04 12:00:00,0,8.9
2012-04-04 12:00:00,1,8
2012-04-04 12:00:00,2,8
2012-04-04 12:00:00,3,8
2012-04-04 12:00:00,4,8
2012-04-04 12:00:00,5,8
2012-04-04 12:00:00,6,8
2012-04-04 12:00:00,7,8
2012-04-04 12:00:00,8,8
2012-04-04 12:00:00,9,8
2012-04-04 12:00:00,10,8
2012-04-04 12:00:00,11,8
2012-04-04 12:00:00,12,8
2012-04-04 12:00:00,13,8
2012-04-04 12:00:00,14,8
2012-04-04 12:00:00,15,8
2012-04-04 12:00:00,16,8
2012-04-04 12:00:00,17,8
2012-04-04 12:00:00,18,8
2012-04-04 12:00:00,19,7.9
2012-04-04 12:00:00,20,7.9
2012-04-04 12:00:00,21,7.9
2012-04-04 12:00:00,22,7.9
2012-04-04 12:00:00,23,7.9
2012-04-04 12:00:00,24,7.8
2012-04-04 12:00:00,24.3,7.8
2012-04-17 12:00:00,0,11
2012-04-17 12:00:00,1,10.3
2012-04-17 12:00:00,2,10.2
2012-04-17 12:00:00,3,10.1
2012-04-17 12:00:00,4,10
2012-04-17 12:00:00,5,10
2012-04-17 12:00:00,6,10
2012-04-17 12:00:00,7,10
2012-04-17 12:00:00,8,10
2012-04-17 12:00:00,9,9.9
2012-04-17 12:00:00,10,9.9
2012-04-17 12:00:00,11,9.9
2012-04-17 12:00:00,12,9.9
2012-04-17 12:00:00,13,9.9
2012-04-17 12:00:00,14,9.9
2012-04-17 12:00:00,15,9.9
2012-04-17 12:00:00,16,9.9
2012-04-17 12:00:00,17,9.9
2012-04-17 12:00:00,18,9.9
2012-04-17 12:00:00,19,9.8
2012-04-17 12:00:00,20,9.8
2012-04-17 12:00:00,21,9.7
2012-04-17 12:00:00,22,9.7
2012-04-17 12:00:00,23,9.7
2012-04-17 12:00:00,24,9.7
2012-04-17 12:00:00,24.3,9.7
2012-05-01 12:00:00,0,10.9
2012-05-01 12:00:00,1,10.9
2012-05-01 12:00:00,2,10.9
2012-05-01 12:00:00,3,10.8
2012-05-01 12:00:00,4,10.7
2012-05-01 12:00:00,5,10.5
2012-05-01 12:00:00,6,10.5
2012-05-01 12:00:00,7,10.5
2012-05-01 12:00:00,8,10.5
2012-05-01 12:00:00,9,10.4
2012-05-01 12:00:00,10,10.4
2012-05-01 12:00:00,11,10.4
2012-05-01 12:00:00,12,10.4
2012-05-01 12:00:00,13,10.4
2012-05-01 12:00:00,14,10.4
2012-05-01 12:00:00,15,10.4
2012-05-01 12:00:00,16,10.4
2012-05-01 12:00:00,17,10.4
2012-05-01 12:00:00,18,10.4
2012-05-01 12:00:00,19,10.4
2012-05-01 12:00:00,20,10.3
2012-05-01 12:00:00,21,10.3
2012-05-01 12:00:00,22,10.3
2012-05-01 12:00:00,23,10.3
2012-05-01 12:00:00,24,10.3
2012-05-01 12:00:00,24.4,10.3
2012-05-14 12:00:00,0,16.1
2012-05-14 12:00:00,1,15.7
2012-05-14 12:00:00,2,14.6
2012-05-14 12:00:00,3,14.5
2012-05-14 12:00:00,4,14.5
2012-05-14 12:00:00,5,14.4
2012-05-14 12:00:00,6,14.3
2012-05-14 12:00:00,7,14.3
2012-05-14 12:00:00,8,14.2
2012-05-14 12:00:00,9,14
2012-05-14 12:00:00,10,13.8
2012-05-14 12:00:00,11,13.6
2012-05-14 12:00:00,12,13.2
2012-05-14 12:00:00,13,13
2012-05-14 12:00:00,14,12.2
2012-05-14 12:00:00,15,11.4
2012-05-14 12:00:00,16,11
2012-05-14 12:00:00,17,10.7
2012-05-14 12:00:00,18,10.5
2012-05-14 12:00:00,19,10.5
2012-05-14 12:00:00,20,10.5
2012-05-14 12:00:00,21,10.4
2012-05-14 12:00:00,22,10.4
2012-05-14 12:00:00,23,10.4
2012-05-14 12:00:00,24,10.4
2012-05-14 12:00:00,24.5,10.4
2012-05-29 12:00:00,0,19.2
2012-05-29 12:00:00,1,19.2
2012-05-29 12:00:00,2,19.2
2012-05-29 12:00:00,3,19.2
2012-05-29 12:00:00,4,19.2
2012-05-29 12:00:00,5,19.2
2012-05-29 12:00:00,6,19.1
2012-05-29 12:00:00,7,19.1
2012-05-29 12:00:00,8,19.1
2012-05-29 12:00:00,8.5,19.1
2012-05-29 12:00:00,9,19
2012-05-29 12:00:00,9.5,18.6
2012-05-29 12:00:00,10,18
2012-05-29 12:00:00,10.5,17.5
2012-05-29 12:00:00,11,16.6
2012-05-29 12:00:00,11.5,15.3
2012-05-29 12:00:00,12,14
2012-05-29 12:00:00,13,13.4
2012-05-29 12:00:00,14,12.5
2012-05-29 12:00:00,15,12.1
2012-05-29 12:00:00,16,11.9
2012-05-29 12:00:00,17,11.5
2012-05-29 12:00:00,18,11.2
2012-05-29 12:00:00,19,11.1
2012-05-29 12:00:00,20,11.1
2012-05-29 12:00:00,21,11
2012-05-29 12:00:00,22,11
2012-05-29 12:00:00,22.8,11
2012-06-11 12:00:00,0,21.3
2012-06-11 12:00:00,1,21.3
2012-06-11 12:00:00,2,21.3
2012-06-11 12:00:00,3,21.3
2012-06-11 12:00:00,4,21.1
2012-06-11 12:00:00,5,21.1
2012-06-11 12:00:00,6,21.1
2012-06-11 12:00:00,7,21.1
2012-06-11 12:00:00,8,20.5
2012-06-11 12:00:00,8.5,19.2
2012-06-11 12:00:00,9,18.4
2012-06-11 12:00:00,9.5,17.7
2012-06-11 12:00:00,10,17.4
2012-06-11 12:00:00,10.5,17.2
2012-06-11 12:00:00,11,16.9
2012-06-11 12:00:00,11.5,16.6
2012-06-11 12:00:00,12,14.6
2012-06-11 12:00:00,12.5,13.8
2012-06-11 12:00:00,13,13.1
2012-06-11 12:00:00,14,12.9
2012-06-11 12:00:00,15,12.5
2012-06-11 12:00:00,16,12
2012-06-11 12:00:00,17,11.7
2012-06-11 12:00:00,18,11.5
2012-06-11 12:00:00,19,11.4
2012-06-11 12:00:00,20,11.3
2012-06-11 12:00:00,21,11.2
2012-06-11 12:00:00,22,11.2
2012-06-11 12:00:00,23,11.1
2012-06-11 12:00:00,24,11.1
2012-06-25 12:00:00,0,23.7
2012-06-25 12:00:00,1,23.7
2012-06-25 12:00:00,2,23.6
2012-06-25 12:00:00,3,23.5
2012-06-25 12:00:00,4,23.4
2012-06-25 12:00:00,5,23.3
2012-06-25 12:00:00,6,23.2
2012-06-25 12:00:00,7,22.9
2012-06-25 12:00:00,8,22.4
2012-06-25 12:00:00,9,21
2012-06-25 12:00:00,10,20.8
2012-06-25 12:00:00,11,20.1
2012-06-25 12:00:00,11.5,18.5
2012-06-25 12:00:00,12,17.2
2012-06-25 12:00:00,12.5,16.4
2012-06-25 12:00:00,13,15.7
2012-06-25 12:00:00,13.5,15.5
2012-06-25 12:00:00,14,14.6
2012-06-25 12:00:00,15,13.7
2012-06-25 12:00:00,16,13.3
2012-06-25 12:00:00,17,12.8
2012-06-25 12:00:00,18,12.4
2012-06-25 12:00:00,19,12.1
2012-06-25 12:00:00,20,11.9
2012-06-25 12:00:00,21,11.8
2012-06-25 12:00:00,22,11.7
2012-06-25 12:00:00,23,11.7
2012-06-25 12:00:00,24,11.5
2012-06-25 12:00:00,24.5,12.2
2012-07-10 12:00:00,0,27.6
2012-07-10 12:00:00,1,27.6
2012-07-10 12:00:00,2,27.6
2012-07-10 12:00:00,3,27.6
2012-07-10 12:00:00,4,27.5
2012-07-10 12:00:00,5,27.5
2012-07-10 12:00:00,5.5,27.4
2012-07-10 12:00:00,6,25.1
2012-07-10 12:00:00,6.5,24.1
2012-07-10 12:00:00,7,23.4
2012-07-10 12:00:00,8,22.6
2012-07-10 12:00:00,8.5,22.1
2012-07-10 12:00:00,9,21.3
2012-07-10 12:00:00,10,20.6
2012-07-10 12:00:00,11,19.9
2012-07-10 12:00:00,11.5,19.4
2012-07-10 12:00:00,12,18.9
2012-07-10 12:00:00,12.5,17.3
2012-07-10 12:00:00,13,16.9
2012-07-10 12:00:00,13.5,15.9
2012-07-10 12:00:00,14,14.5
2012-07-10 12:00:00,14.5,13.9
2012-07-10 12:00:00,15,13.4
2012-07-10 12:00:00,16,12.6
2012-07-10 12:00:00,17,12.2
2012-07-10 12:00:00,18,12
2012-07-10 12:00:00,19,11.8
2012-07-10 12:00:00,20,11.6
2012-07-10 12:00:00,21,11.6
2012-07-10 12:00:00,22,11.5
2012-07-10 12:00:00,23,11.5
2012-07-10 12:00:00,24,11.5
2012-07-10 12:00:00,24.5,12.2
2012-07-23 12:00:00,0,27.5
2012-07-23 12:00:00,1,26.9
2012-07-23 12:00:00,2,26.4
2012-07-23 12:00:00,3,26.3
2012-07-23 12:00:00,4,26.3
2012-07-23 12:00:00,5,26.3
2012-07-23 12:00:00,6,26.2
2012-07-23 12:00:00,7,26.2
2012-07-23 12:00:00,7.5,26.1
2012-07-23 12:00:00,8,24.3
2012-07-23 12:00:00,8.5,22.2
2012-07-23 12:00:00,9,21.2
2012-07-23 12:00:00,9.5,21
2012-07-23 12:00:00,10,20.2
2012-07-23 12:00:00,10.5,19.9
2012-07-23 12:00:00,11,19.6
2012-07-23 12:00:00,11.5,18.7
2012-07-23 12:00:00,12,17.9
2012-07-23 12:00:00,12.5,17.3
2012-07-23 12:00:00,13,16
2012-07-23 12:00:00,13.5,15.1
2012-07-23 12:00:00,14,14.5
2012-07-23 12:00:00,14.5,14.2
2012-07-23 12:00:00,15,13.6
2012-07-23 12:00:00,15.5,13.3
2012-07-23 12:00:00,16,12.6
2012-07-23 12:00:00,17,12.3
2012-07-23 12:00:00,18,12
2012-07-23 12:00:00,19,11.8
2012-07-23 12:00:00,20,11.7
2012-07-23 12:00:00,21,11.7
2012-07-23 12:00:00,22,11.6
2012-07-23 12:00:00,23,11.6
2012-07-23 12:00:00,24,11.6
2012-08-06 12:00:00,0,26.5
2012-08-06 12:00:00,1,26.4
2012-08-06 12:00:00,2,26.2
2012-08-06 12:00:00,3,26.2
2012-08-06 12:00:00,4,26.1
2012-08-06 12:00:00,5,26.1
2012-08-06 12:00:00,6,26.1
2012-08-06 12:00:00,7,26.1
2012-08-06 12:00:00,8,26
2012-08-06 12:00:00,8.5,26
2012-08-06 12:00:00,9,25.3
2012-08-06 12:00:00,9.5,22.2
2012-08-06 12:00:00,10,20.4
2012-08-06 12:00:00,10.5,19.3
2012-08-06 12:00:00,11,18.9
2012-08-06 12:00:00,11.5,18.1
2012-08-06 12:00:00,12,17.6
2012-08-06 12:00:00,12.5,17.1
2012-08-06 12:00:00,13,16.4
2012-08-06 12:00:00,13.5,15.6
2012-08-06 12:00:00,14,14.9
2012-08-06 12:00:00,14.5,14.1
2012-08-06 12:00:00,15,13.6
2012-08-06 12:00:00,16,13.2
2012-08-06 12:00:00,17,12.7
2012-08-06 12:00:00,18,12.5
2012-08-06 12:00:00,19,12.3
2012-08-06 12:00:00,20,12.2
2012-08-06 12:00:00,21,11.8
2012-08-06 12:00:00,22,11.7
2012-08-06 12:00:00,23,11.7
2012-08-06 12:00:00,24,11.6
2012-08-06 12:00:00,24.1,11.7
2012-08-20 12:00:00,0,23.6
2012-08-20 12:00:00,1,23.2
2012-08-20 12:00:00,2,23.1
2012-08-20 12:00:00,3,23.1
2012-08-20 12:00:00,4,23
2012-08-20 12:00:00,5,23
2012-08-20 12:00:00,6,23
2012-08-20 12:00:00,7,23
2012-08-20 12:00:00,8,23
2012-08-20 12:00:00,9,23
2012-08-20 12:00:00,9.5,23
2012-08-20 12:00:00,10,22.6
2012-08-20 12:00:00,10.5,21.8
2012-08-20 12:00:00,11,20.3
2012-08-20 12:00:00,11.5,18.9
2012-08-20 12:00:00,12,17.3
2012-08-20 12:00:00,12.5,16.6
2012-08-20 12:00:00,13,16.2
2012-08-20 12:00:00,13.5,15.9
2012-08-20 12:00:00,14,15.5
2012-08-20 12:00:00,14.5,14.9
2012-08-20 12:00:00,15,14.2
2012-08-20 12:00:00,16,13.5
2012-08-20 12:00:00,17,12.8
2012-08-20 12:00:00,18,12.4
2012-08-20 12:00:00,19,12.1
2012-08-20 12:00:00,20,11.9
2012-08-20 12:00:00,21,11.8
2012-08-20 12:00:00,22,11.8
2012-08-20 12:00:00,23,11.7
2012-08-20 12:00:00,24,11.7
2012-09-04 12:00:00,0,24.8
2012-09-04 12:00:00,1,24.3
2012-09-04 12:00:00,2,24.1
2012-09-04 12:00:00,3,24
2012-09-04 12:00:00,4,23.9
2012-09-04 12:00:00,5,23.7
2012-09-04 12:00:00,6,23.4
2012-09-04 12:00:00,7,23.3
2012-09-04 12:00:00,8,23.3
2012-09-04 12:00:00,9,23.1
2012-09-04 12:00:00,10,23
2012-09-04 12:00:00,10.5,22.9
2012-09-04 12:00:00,11,22.7
2012-09-04 12:00:00,11.5,22.6
2012-09-04 12:00:00,12,19.5
2012-09-04 12:00:00,13,15.6
2012-09-04 12:00:00,14,14.5
2012-09-04 12:00:00,15,13.7
2012-09-04 12:00:00,16,13.4
2012-09-04 12:00:00,17,12.6
2012-09-04 12:00:00,18,12.4
2012-09-04 12:00:00,19,12.1
2012-09-04 12:00:00,20,11.9
2012-09-04 12:00:00,21,11.8
2012-09-04 12:00:00,22,11.7
2012-09-04 12:00:00,23,11.7
2012-09-04 12:00:00,24,11.6
2012-09-04 12:00:00,24.3,11.6
2012-10-01 12:00:00,0,17
2012-10-01 12:00:00,1,16.9
2012-10-01 12:00:00,2,16.9
2012-10-01 12:00:00,3,16.8
2012-10-01 12:00:00,4,16.8
2012-10-01 12:00:00,5,16.8
2012-10-01 12:00:00,6,16.8
2012-10-01 12:00:00,7,16.8
2012-10-01 12:00:00,8,16.8
2012-10-01 12:00:00,9,16.8
2012-10-01 12:00:00,10,16.7
2012-10-01 12:00:00,11,16.7
2012-10-01 12:00:00,12,16.6
2012-10-01 12:00:00,13,16.6
2012-10-01 12:00:00,14,16.6
2012-10-01 12:00:00,15,16.4
2012-10-01 12:00:00,16,16.1
2012-10-01 12:00:00,16.5,16
2012-10-01 12:00:00,17,15.5
2012-10-01 12:00:00,17.5,14.3
2012-10-01 12:00:00,18,13.4
2012-10-01 12:00:00,19,12.9
2012-10-01 12:00:00,20,12.5
2012-10-01 12:00:00,21,12.3
2012-10-01 12:00:00,22,12.2
2012-10-01 12:00:00,23,12.1
2012-10-01 12:00:00,24,12.1
2012-10-29 12:00:00,0,11.8
2012-10-29 12:00:00,1,11.8
2012-10-29 12:00:00,2,11.8
2012-10-29 12:00:00,3,11.8
2012-10-29 12:00:00,4,11.8
2012-10-29 12:00:00,5,11.8
2012-10-29 12:00:00,6,11.8
2012-10-29 12:00:00,7,11.8
2012-10-29 12:00:00,8,11.8
2012-10-29 12:00:00,9,11.8
2012-10-29 12:00:00,10,11.8
2012-10-29 12:00:00,11,11.8
2012-10-29 12:00:00,12,11.8
2012-10-29 12:00:00,13,11.8
2012-10-29 12:00:00,14,11.8
2012-10-29 12:00:00,15,11.8
2012-10-29 12:00:00,16,11.8
2012-10-29 12:00:00,17,11.8
2012-10-29 12:00:00,18,11.8
2012-10-29 12:00:00,19,11.8
2012-10-29 12:00:00,20,11.8
2012-10-29 12:00:00,21,11.8
2012-10-29 12:00:00,22,11.8
2012-10-29 12:00:00,23,11.8
2012-10-29 12:00:00,24,11.8
2012-10-29 12:00:00,24.3,11.8
2012-11-29 12:00:00,0,6.2
2012-11-29 12:00:00,1,6.1
2012-11-29 12:00:00,2,6.1
2012-11-29 12:00:00,3,6.1
2012-11-29 12:00:00,4,6.1
2012-11-29 12:00:00,5,6.1
2012-11-29 12:00:00,6,6.1
2012-11-29 12:00:00,7,6.1
2012-11-29 12:00:00,8,6.1
2012-11-29 12:00:00,9,6.1
2012-11-29 12:00:00,10,6.1
2012-11-29 12:00:00,11,6
2012-11-29 12:00:00,12,6
2012-11-29 12:00:00,13,6
2012-11-29 12:00:00,14,6
2012-11-29 12:00:00,15,6
2012-11-29 12:00:00,16,6
2012-11-29 12:00:00,17,6
2012-11-29 12:00:00,18,6
2012-11-29 12:00:00,19,6
2012-11-29 12:00:00,20,5.9
2012-11-29 12:00:00,21,5.9
2012-11-29 12:00:00,22,5.9
2012-11-29 12:00:00,23,5.9
2012-11-29 12:00:00,24,5.9
2012-11-29 12:00:00,24.3,5.8
2013-02-12 12:00:00,0,0.3
2013-02-12 12:00:00,1,0.8
2013-02-12 12:00:00,2,0.8
2013-02-12 12:00:00,3,0.8
2013-02-12 12:00:00,4,0.8
2013-02-12 12:00:00,5,0.8
2013-02-12 12:00:00,6,0.8
2013-02-12 12:00:00,7,0.8
2013-02-12 12:00:00,8,0.8
2013-02-12 12:00:00,9,0.9
2013-02-12 12:00:00,10,0.9
2013-02-12 12:00:00,11,1
2013-02-12 12:00:00,12,1.1
2013-02-12 12:00:00,13,1.1
2013-02-12 12:00:00,14,1.2
2013-02-12 12:00:00,15,1.3
2013-02-12 12:00:00,16,1.3
2013-02-12 12:00:00,17,1.4
2013-02-12 12:00:00,18,1.6
2013-02-12 12:00:00,19,1.6
2013-02-12 12:00:00,20,1.6
2013-02-12 12:00:00,21,1.6
2013-02-12 12:00:00,22,1.6
2013-02-12 12:00:00,23,1.6
2013-02-12 12:00:00,24,1.7
2013-04-29 12:00:00,0,6.2
2013-04-29 12:00:00,1,6.2
2013-04-29 12:00:00,2,6.2
2013-04-29 12:00:00,3,6.2
2013-04-29 12:00:00,4,6.1
2013-04-29 12:00:00,5,5.2
2013-04-29 12:00:00,6,5
2013-04-29 12:00:00,7,4.9
2013-04-29 12:00:00,8,4.8
2013-04-29 12:00:00,9,4.8
2013-04-29 12:00:00,10,4.8
2013-04-29 12:00:00,11,4.7
2013-04-29 12:00:00,12,4.6
2013-04-29 12:00:00,13,4.6
2013-04-29 12:00:00,14,4.6
2013-04-29 12:00:00,15,4.6
2013-04-29 12:00:00,16,4.5
2013-04-29 12:00:00,17,4.5
2013-04-29 12:00:00,18,4.5
2013-04-29 12:00:00,19,4.5
2013-04-29 12:00:00,20,4.5
2013-04-29 12:00:00,21,4.5
2013-04-29 12:00:00,22,4.5
2013-04-29 12:00:00,23,4.5
2013-04-29 12:00:00,24,4.5
2013-04-29 12:00:00,24.5,4.5
2013-05-14 12:00:00,0,12.2
2013-05-14 12:00:00,1,10
2013-05-14 12:00:00,2,9.5
2013-05-14 12:00:00,3,9.3
2013-05-14 12:00:00,4,9.1
2013-05-14 12:00:00,5,9.1
2013-05-14 12:00:00,6,9
2013-05-14 12:00:00,7,9
2013-05-14 12:00:00,8,8.8
2013-05-14 12:00:00,9,8.8
2013-05-14 12:00:00,10,8.7
2013-05-14 12:00:00,11,8.7
2013-05-14 12:00:00,12,8.6
2013-05-14 12:00:00,13,8.6
2013-05-14 12:00:00,14,8.5
2013-05-14 12:00:00,15,8.5
2013-05-14 12:00:00,16,8.5
2013-05-14 12:00:00,17,8.4
2013-05-14 12:00:00,18,8.2
2013-05-14 12:00:00,19,7.8
2013-05-14 12:00:00,20,7.6
2013-05-14 12:00:00,21,7.6
2013-05-14 12:00:00,22,7.6
2013-05-14 12:00:00,23,7.6
2013-05-14 12:00:00,24,7.6
2013-05-14 12:00:00,24.2,7.6
2013-05-28 12:00:00,0,14.5
2013-05-28 12:00:00,1,14
2013-05-28 12:00:00,2,13.9
2013-05-28 12:00:00,3,13.9
2013-05-28 12:00:00,4,13.9
2013-05-28 12:00:00,5,13.9
2013-05-28 12:00:00,6,13.8
2013-05-28 12:00:00,7,13.8
2013-05-28 12:00:00,8,13.8
2013-05-28 12:00:00,9,13.7
2013-05-28 12:00:00,10,13.7
2013-05-28 12:00:00,11,13.1
2013-05-28 12:00:00,12,10
2013-05-28 12:00:00,13,9.7
2013-05-28 12:00:00,14,9.3
2013-05-28 12:00:00,15,8.9
2013-05-28 12:00:00,16,8.8
2013-05-28 12:00:00,17,8.5
2013-05-28 12:00:00,18,8.4
2013-05-28 12:00:00,19,8.3
2013-05-28 12:00:00,20,8.1
2013-05-28 12:00:00,21,8
2013-05-28 12:00:00,22,8
2013-05-28 12:00:00,23,7.9
2013-05-28 12:00:00,24,7.9
2013-05-28 12:00:00,24.5,7.9
2013-06-10 12:00:00,0,20.9
2013-06-10 12:00:00,1,17.6
2013-06-10 12:00:00,2,17.3
2013-06-10 12:00:00,3,17.1
2013-06-10 12:00:00,4,17.1
2013-06-10 12:00:00,5,17
2013-06-10 12:00:00,6,17
2013-06-10 12:00:00,7,16.9
2013-06-10 12:00:00,8,16.8
2013-06-10 12:00:00,9,16.4
2013-06-10 12:00:00,10,14.2
2013-06-10 12:00:00,11,13.4
2013-06-10 12:00:00,12,12
2013-06-10 12:00:00,13,10.3
2013-06-10 12:00:00,14,9.7
2013-06-10 12:00:00,15,9.2
2013-06-10 12:00:00,16,8.9
2013-06-10 12:00:00,17,8.6
2013-06-10 12:00:00,18,8.4
2013-06-10 12:00:00,19,8.4
2013-06-10 12:00:00,20,8.3
2013-06-10 12:00:00,21,8.2
2013-06-10 12:00:00,22,8.1
2013-06-10 12:00:00,23,8.4
2013-06-10 12:00:00,24,8
2013-06-10 12:00:00,24.5,7.9
2013-06-24 12:00:00,0,22.1
2013-06-24 12:00:00,1,22.1
2013-06-24 12:00:00,2,22.1
2013-06-24 12:00:00,3,22.1
2013-06-24 12:00:00,4,22.1
2013-06-24 12:00:00,5,22
2013-06-24 12:00:00,6,21.6
2013-06-24 12:00:00,6.5,19.1
2013-06-24 12:00:00,7,18.4
2013-06-24 12:00:00,8,16.3
2013-06-24 12:00:00,9,15.3
2013-06-24 12:00:00,10,13.5
2013-06-24 12:00:00,11,12.5
2013-06-24 12:00:00,12,11.6
2013-06-24 12:00:00,13,10.8
2013-06-24 12:00:00,14,10.4
2013-06-24 12:00:00,15,9.9
2013-06-24 12:00:00,16,9.5
2013-06-24 12:00:00,17,9.2
2013-06-24 12:00:00,18,8.8
2013-06-24 12:00:00,19,8.5
2013-06-24 12:00:00,20,8.5
2013-06-24 12:00:00,21,8.5
2013-06-24 12:00:00,22,8.5
2013-06-24 12:00:00,23,8.4
2013-06-24 12:00:00,24,8.4
2013-06-24 12:00:00,24.8,8.4
2013-07-08 12:00:00,0,24.6
2013-07-08 12:00:00,1,24.6
2013-07-08 12:00:00,2,24.6
2013-07-08 12:00:00,3,24.5
2013-07-08 12:00:00,4,24.4
2013-07-08 12:00:00,5,24.3
2013-07-08 12:00:00,6,24.2
2013-07-08 12:00:00,7,23.9
2013-07-08 12:00:00,8,22.7
2013-07-08 12:00:00,8.5,22.2
2013-07-08 12:00:00,9,18.9
2013-07-08 12:00:00,9.5,17.3
2013-07-08 12:00:00,10,15.3
2013-07-08 12:00:00,11,13.5
2013-07-08 12:00:00,12,11.9
2013-07-08 12:00:00,13,11
2013-07-08 12:00:00,14,10.4
2013-07-08 12:00:00,15,10
2013-07-08 12:00:00,16,9.7
2013-07-08 12:00:00,17,9.5
2013-07-08 12:00:00,18,9.4
2013-07-08 12:00:00,19,9.4
2013-07-08 12:00:00,20,9.4
2013-07-08 12:00:00,21,9.3
2013-07-08 12:00:00,22,9.1
2013-07-08 12:00:00,23,9.1
2013-07-08 12:00:00,24,9
2013-07-08 12:00:00,24.6,9
2013-07-22 12:00:00,0,26.2
2013-07-22 12:00:00,1,26
2013-07-22 12:00:00,2,25.6
2013-07-22 12:00:00,3,25.5
2013-07-22 12:00:00,4,25.5
2013-07-22 12:00:00,5,25.4
2013-07-22 12:00:00,5.5,25.4
2013-07-22 12:00:00,6,25.3
2013-07-22 12:00:00,6.5,24.5
2013-07-22 12:00:00,7,20.6
2013-07-22 12:00:00,8,19.7
2013-07-22 12:00:00,9,16.7
2013-07-22 12:00:00,10,15.9
2013-07-22 12:00:00,11,15.5
2013-07-22 12:00:00,12,13.7
2013-07-22 12:00:00,13,11.4
2013-07-22 12:00:00,14,10.6
2013-07-22 12:00:00,15,10.1
2013-07-22 12:00:00,16,9.7
2013-07-22 12:00:00,17,9.6
2013-07-22 12:00:00,18,9.4
2013-07-22 12:00:00,19,9
2013-07-22 12:00:00,20,8.9
2013-07-22 12:00:00,21,8.8
2013-07-22 12:00:00,22,8.6
2013-07-22 12:00:00,23,8.6
2013-07-22 12:00:00,24,8.6
2013-07-22 12:00:00,24.4,8.6
2013-08-05 12:00:00,0,22.6
2013-08-05 12:00:00,1,22.6
2013-08-05 12:00:00,2,22.6
2013-08-05 12:00:00,3,22.5
2013-08-05 12:00:00,4,22.5
2013-08-05 12:00:00,5,22.5
2013-08-05 12:00:00,6,22.5
2013-08-05 12:00:00,7,22.4
2013-08-05 12:00:00,7.5,22.4
2013-08-05 12:00:00,8,22.2
2013-08-05 12:00:00,8.5,20.6
2013-08-05 12:00:00,9,19.2
2013-08-05 12:00:00,10,16.9
2013-08-05 12:00:00,11,13.6
2013-08-05 12:00:00,12,11.8
2013-08-05 12:00:00,13,11.1
2013-08-05 12:00:00,14,10.6
2013-08-05 12:00:00,15,9.9
2013-08-05 12:00:00,16,9.7
2013-08-05 12:00:00,17,9.6
2013-08-05 12:00:00,18,9.5
2013-08-05 12:00:00,19,9.4
2013-08-05 12:00:00,20,9.3
2013-08-05 12:00:00,21,9.2
2013-08-05 12:00:00,22,9.1
2013-08-05 12:00:00,23,9.1
2013-08-05 12:00:00,24,9
2013-08-05 12:00:00,24.4,9
2013-08-21 12:00:00,0,24.2
2013-08-21 12:00:00,1,24.1
2013-08-21 12:00:00,2,24
2013-08-21 12:00:00,3,24
2013-08-21 12:00:00,4,24
2013-08-21 12:00:00,5,24
2013-08-21 12:00:00,6,23.8
2013-08-21 12:00:00,7,23.6
2013-08-21 12:00:00,7.5,23.4
2013-08-21 12:00:00,8,22.4
2013-08-21 12:00:00,8.5,21.8
2013-08-21 12:00:00,9,19.6
2013-08-21 12:00:00,10,17.6
2013-08-21 12:00:00,11,15.1
2013-08-21 12:00:00,12,12.6
2013-08-21 12:00:00,13,11.4
2013-08-21 12:00:00,14,10.7
2013-08-21 12:00:00,15,10.3
2013-08-21 12:00:00,16,9.9
2013-08-21 12:00:00,17,9.6
2013-08-21 12:00:00,18,9.5
2013-08-21 12:00:00,19,9.4
2013-08-21 12:00:00,20,9.3
2013-08-21 12:00:00,21,9.3
2013-08-21 12:00:00,22,9.2
2013-08-21 12:00:00,23,9.2
2013-08-21 12:00:00,24,9.1
2013-08-21 12:00:00,24.4,9.1
2013-09-04 12:00:00,0,24.1
2013-09-04 12:00:00,1,24.1
2013-09-04 12:00:00,2,24.1
2013-09-04 12:00:00,3,24.1
2013-09-04 12:00:00,4,24
2013-09-04 12:00:00,5,24
2013-09-04 12:00:00,6,24
2013-09-04 12:00:00,7,23.9
2013-09-04 12:00:00,8,23.9
2013-09-04 12:00:00,8.5,23.8
2013-09-04 12:00:00,9,23
2013-09-04 12:00:00,9.5,21.6
2013-09-04 12:00:00,10,18.3
2013-09-04 12:00:00,11,15.5
2013-09-04 12:00:00,12,13.5
2013-09-04 12:00:00,13,12.3
2013-09-04 12:00:00,14,11
2013-09-04 12:00:00,15,10.6
2013-09-04 12:00:00,16,10.2
2013-09-04 12:00:00,17,9.8
2013-09-04 12:00:00,18,9.7
2013-09-04 12:00:00,19,9.6
2013-09-04 12:00:00,20,9.5
2013-09-04 12:00:00,21,9.4
2013-09-04 12:00:00,22,9.4
2013-09-04 12:00:00,23,9.4
2013-09-04 12:00:00,24,9.3
2013-09-04 12:00:00,24.4,9.3
2013-09-30 12:00:00,0,19.3
2013-09-30 12:00:00,1,19.2
2013-09-30 12:00:00,2,19.2
2013-09-30 12:00:00,3,19.2
2013-09-30 12:00:00,4,19.2
2013-09-30 12:00:00,5,19.2
2013-09-30 12:00:00,6,19.1
2013-09-30 12:00:00,7,19.1
2013-09-30 12:00:00,8,19.1
2013-09-30 12:00:00,9,19.1
2013-09-30 12:00:00,10,18.9
2013-09-30 12:00:00,10.5,18.9
2013-09-30 12:00:00,11,18.8
2013-09-30 12:00:00,11.5,18.7
2013-09-30 12:00:00,12,18.3
2013-09-30 12:00:00,12.5,14.9
2013-09-30 12:00:00,13,13.6
2013-09-30 12:00:00,14,12.2
2013-09-30 12:00:00,15,11.3
2013-09-30 12:00:00,16,10.9
2013-09-30 12:00:00,17,10.7
2013-09-30 12:00:00,18,10.3
2013-09-30 12:00:00,19,10.1
2013-09-30 12:00:00,20,10
2013-09-30 12:00:00,21,9.9
2013-09-30 12:00:00,22,9.9
2013-09-30 12:00:00,23,9.8
2013-09-30 12:00:00,24,9.8
2013-09-30 12:00:00,24.3,9.8
2013-10-29 12:00:00,0,11.5
2013-10-29 12:00:00,1,11.5
2013-10-29 12:00:00,2,11.5
2013-10-29 12:00:00,3,11.5
2013-10-29 12:00:00,4,11.5
2013-10-29 12:00:00,5,11.5
2013-10-29 12:00:00,6,11.5
2013-10-29 12:00:00,7,11.5
2013-10-29 12:00:00,8,11.5
2013-10-29 12:00:00,9,11.5
2013-10-29 12:00:00,10,11.5
2013-10-29 12:00:00,11,11.5
2013-10-29 12:00:00,12,11.5
2013-10-29 12:00:00,13,11.5
2013-10-29 12:00:00,14,11.5
2013-10-29 12:00:00,15,11.5
2013-10-29 12:00:00,16,11.5
2013-10-29 12:00:00,17,11.5
2013-10-29 12:00:00,18,11.5
2013-10-29 12:00:00,19,11.5
2013-10-29 12:00:00,20,11.5
2013-10-29 12:00:00,21,11.5
2013-10-29 12:00:00,22,11.5
2013-10-29 12:00:00,23,11.5
2013-10-29 12:00:00,24,11.5
2013-10-29 12:00:00,24.4,11.5
2013-12-02 12:00:00,0,4.5
2013-12-02 12:00:00,1,4.5
2013-12-02 12:00:00,2,4.5
2013-12-02 12:00:00,3,4.5
2013-12-02 12:00:00,4,4.5
2013-12-02 12:00:00,5,4.5
2013-12-02 12:00:00,6,4.5
2013-12-02 12:00:00,7,4.5
2013-12-02 12:00:00,8,4.5
2013-12-02 12:00:00,9,4.5
2013-12-02 12:00:00,10,4.5
2013-12-02 12:00:00,11,4.5
2013-12-02 12:00:00,12,4.5
2013-12-02 12:00:00,13,4.5
2013-12-02 12:00:00,14,4.5
2013-12-02 12:00:00,15,4.5
2013-12-02 12:00:00,16,4.5
2013-12-02 12:00:00,17,4.5
2013-12-02 12:00:00,18,4.5
2013-12-02 12:00:00,19,4.5
2013-12-02 12:00:00,20,4.5
2013-12-02 12:00:00,21,4.5
2013-12-02 12:00:00,22,4.5
2013-12-02 12:00:00,23,4.5
2013-12-02 12:00:00,24,4.5
2013-12-02 12:00:00,24.5,4.5
2014-02-03 12:00:00,0,0
2014-02-03 12:00:00,1,0.4
2014-02-03 12:00:00,2,0.4
2014-02-03 12:00:00,3,0.4
2014-02-03 12:00:00,4,0.4
2014-02-03 12:00:00,5,0.4
2014-02-03 12:00:00,6,0.4
2014-02-03 12:00:00,7,0.5
2014-02-03 12:00:00,8,0.6
2014-02-03 12:00:00,9,0.7
2014-02-03 12:00:00,10,0.9
2014-02-03 12:00:00,11,0.9
2014-02-03 12:00:00,12,1
2014-02-03 12:00:00,13,1.1
2014-02-03 12:00:00,14,1.2
2014-02-03 12:00:00,15,1.3
2014-02-03 12:00:00,16,1.5
2014-02-03 12:00:00,17,1.5
2014-02-03 12:00:00,18,1.6
2014-02-03 12:00:00,19,1.9
2014-02-03 12:00:00,20,2
2014-02-03 12:00:00,21,2
2014-02-03 12:00:00,22,2.8
2014-02-03 12:00:00,23,3
2014-02-03 12:00:00,23.6,3.4
2014-04-29 12:00:00,0,6.3
2014-04-29 12:00:00,1,6.3
2014-04-29 12:00:00,2,6.3
2014-04-29 12:00:00,3,6.3
2014-04-29 12:00:00,4,6.3
2014-04-29 12:00:00,5,6.3
2014-04-29 12:00:00,6,6.3
2014-04-29 12:00:00,7,6.3
2014-04-29 12:00:00,8,6.3
2014-04-29 12:00:00,9,6.3
2014-04-29 12:00:00,10,6.3
2014-04-29 12:00:00,11,6.3
2014-04-29 12:00:00,12,6.3
2014-04-29 12:00:00,13,6.3
2014-04-29 12:00:00,14,6.3
2014-04-29 12:00:00,15,6.2
2014-04-29 12:00:00,16,6.2
2014-04-29 12:00:00,17,6.2
2014-04-29 12:00:00,18,6.2
2014-04-29 12:00:00,19,6.2
2014-04-29 12:00:00,20,6.2
2014-04-29 12:00:00,21,6.2
2014-04-29 12:00:00,22,6.2
2014-04-29 12:00:00,23,6.1
2014-04-29 12:00:00,24,6.1
2014-04-29 12:00:00,24.5,6.1
2014-05-14 12:00:00,0,11.2
2014-05-14 12:00:00,1,11.1
2014-05-14 12:00:00,2,11.1
2014-05-14 12:00:00,3,11.1
2014-05-14 12:00:00,4,11.1
2014-05-14 12:00:00,5,11
2014-05-14 12:00:00,6,11
2014-05-14 12:00:00,7,11
2014-05-14 12:00:00,8,10.9
2014-05-14 12:00:00,9,10.9
2014-05-14 12:00:00,10,10.9
2014-05-14 12:00:00,11,10.9
2014-05-14 12:00:00,12,10.8
2014-05-14 12:00:00,13,10.6
2014-05-14 12:00:00,14,10.4
2014-05-14 12:00:00,15,10.3
2014-05-14 12:00:00,16,9.6
2014-05-14 12:00:00,17,8.8
2014-05-14 12:00:00,18,8.4
2014-05-14 12:00:00,19,8.4
2014-05-14 12:00:00,20,8.2
2014-05-14 12:00:00,21,8.1
2014-05-14 12:00:00,22,8
2014-05-14 12:00:00,23,8
2014-05-14 12:00:00,24,8
2014-05-14 12:00:00,24.3,8
2014-05-28 12:00:00,0,18.3
2014-05-28 12:00:00,1,18.1
2014-05-28 12:00:00,2,17.5
2014-05-28 12:00:00,3,17.1
2014-05-28 12:00:00,4,16.7
2014-05-28 12:00:00,5,14.3
2014-05-28 12:00:00,6,12.8
2014-05-28 12:00:00,7,12.1
2014-05-28 12:00:00,8,11.8
2014-05-28 12:00:00,9,11.3
2014-05-28 12:00:00,10,10.9
2014-05-28 12:00:00,11,10.7
2014-05-28 12:00:00,12,10.6
2014-05-28 12:00:00,13,10.5
2014-05-28 12:00:00,14,10.3
2014-05-28 12:00:00,15,9.9
2014-05-28 12:00:00,16,9.7
2014-05-28 12:00:00,17,9.6
2014-05-28 12:00:00,18,9.5
2014-05-28 12:00:00,19,9.3
2014-05-28 12:00:00,20,9.1
2014-05-28 12:00:00,21,9
2014-05-28 12:00:00,22,9
2014-05-28 12:00:00,23,8.8
2014-05-28 12:00:00,24,8.7
2014-05-28 12:00:00,24.4,8.7
2014-06-09 12:00:00,0,20.7
2014-06-09 12:00:00,1,20.6
2014-06-09 12:00:00,2,20.5
2014-06-09 12:00:00,3,20.4
2014-06-09 12:00:00,4,20.3
2014-06-09 12:00:00,4.5,20.3
2014-06-09 12:00:00,5,20.3
2014-06-09 12:00:00,5.5,18.3
2014-06-09 12:00:00,6,15.8
2014-06-09 12:00:00,7,14.6
2014-06-09 12:00:00,8,13.3
2014-06-09 12:00:00,9,12
2014-06-09 12:00:00,10,11.2
2014-06-09 12:00:00,11,10.9
2014-06-09 12:00:00,12,10.5
2014-06-09 12:00:00,13,10.1
2014-06-09 12:00:00,14,9.7
2014-06-09 12:00:00,15,9.6
2014-06-09 12:00:00,16,9.4
2014-06-09 12:00:00,17,9.3
2014-06-09 12:00:00,18,9.3
2014-06-09 12:00:00,19,9.1
2014-06-09 12:00:00,20,9
2014-06-09 12:00:00,21,9
2014-06-09 12:00:00,22,8.9
2014-06-09 12:00:00,23,8.9
2014-06-09 12:00:00,24,8.9
2014-06-09 12:00:00,24.2,8.9
2014-06-23 12:00:00,0,23.5
2014-06-23 12:00:00,1,22.6
2014-06-23 12:00:00,2,22.4
2014-06-23 12:00:00,3,22.2
2014-06-23 12:00:00,4,21.4
2014-06-23 12:00:00,5,20.7
2014-06-23 12:00:00,6,20.3
2014-06-23 12:00:00,7,19.6
2014-06-23 12:00:00,7.5,18.5
2014-06-23 12:00:00,8,17
2014-06-23 12:00:00,8.5,15.4
2014-06-23 12:00:00,9,14.5
2014-06-23 12:00:00,10,13
2014-06-23 12:00:00,11,12.3
2014-06-23 12:00:00,12,11.3
2014-06-23 12:00:00,13,10.8
2014-06-23 12:00:00,14,10.4
2014-06-23 12:00:00,15,9.9
2014-06-23 12:00:00,16,9.6
2014-06-23 12:00:00,17,9.4
2014-06-23 12:00:00,18,9.3
2014-06-23 12:00:00,19,9.2
2014-06-23 12:00:00,20,9.2
2014-06-23 12:00:00,21,9.1
2014-06-23 12:00:00,22,9.1
2014-06-23 12:00:00,23,9.1
2014-06-23 12:00:00,24,9.1
2014-06-23 12:00:00,24.4,9.1
2014-07-07 12:00:00,0,23.8
2014-07-07 12:00:00,1,23.4
2014-07-07 12:00:00,2,22.9
2014-07-07 12:00:00,3,22.8
2014-07-07 12:00:00,4,22.8
2014-07-07 12:00:00,5,22.7
2014-07-07 12:00:00,6,22.6
2014-07-07 12:00:00,7,22.3
2014-07-07 12:00:00,7.5,21.9
2014-07-07 12:00:00,8,19.1
2014-07-07 12:00:00,8.5,18.2
2014-07-07 12:00:00,9,15.7
2014-07-07 12:00:00,10,13.9
2014-07-07 12:00:00,11,12.2
2014-07-07 12:00:00,12,10.8
2014-07-07 12:00:00,13,10.3
2014-07-07 12:00:00,14,9.9
2014-07-07 12:00:00,15,9.8
2014-07-07 12:00:00,16,9.6
2014-07-07 12:00:00,17,9.5
2014-07-07 12:00:00,18,9.4
2014-07-07 12:00:00,19,9.3
2014-07-07 12:00:00,20,9.2
2014-07-07 12:00:00,21,9.2
2014-07-07 12:00:00,22,9.2
2014-07-07 12:00:00,23,9.1
2014-07-07 12:00:00,24,9.1
2014-07-07 12:00:00,24.8,9.1
2014-07-21 12:00:00,0,23.1
2014-07-21 12:00:00,1,23
2014-07-21 12:00:00,2,23
2014-07-21 12:00:00,3,23
2014-07-21 12:00:00,4,22.8
2014-07-21 12:00:00,5,22.2
2014-07-21 12:00:00,6,22.1
2014-07-21 12:00:00,7,21.1
2014-07-21 12:00:00,8,20.7
2014-07-21 12:00:00,9,19.9
2014-07-21 12:00:00,9.5,17.8
2014-07-21 12:00:00,10,15.8
2014-07-21 12:00:00,11,12.3
2014-07-21 12:00:00,12,11.6
2014-07-21 12:00:00,13,10.8
2014-07-21 12:00:00,14,10.4
2014-07-21 12:00:00,15,10.2
2014-07-21 12:00:00,16,9.8
2014-07-21 12:00:00,17,9.6
2014-07-21 12:00:00,18,9.5
2014-07-21 12:00:00,19,9.4
2014-07-21 12:00:00,20,9.3
2014-07-21 12:00:00,21,9.2
2014-07-21 12:00:00,22,9.1
2014-07-21 12:00:00,23,9.1
2014-07-21 12:00:00,24,9.1
2014-08-04 12:00:00,0,23.9
2014-08-04 12:00:00,1,23.9
2014-08-04 12:00:00,2,23.7
2014-08-04 12:00:00,3,23.5
2014-08-04 12:00:00,4,23.4
2014-08-04 12:00:00,5,23.3
2014-08-04 12:00:00,6,23
2014-08-04 12:00:00,7,22.3
2014-08-04 12:00:00,8,22.1
2014-08-04 12:00:00,9,19.3
2014-08-04 12:00:00,10,16.5
2014-08-04 12:00:00,11,14.1
2014-08-04 12:00:00,12,12.5
2014-08-04 12:00:00,13,11.8
2014-08-04 12:00:00,14,10.6
2014-08-04 12:00:00,15,10.5
2014-08-04 12:00:00,16,10
2014-08-04 12:00:00,17,9.8
2014-08-04 12:00:00,18,9.5
2014-08-04 12:00:00,19,9.4
2014-08-04 12:00:00,20,9.4
2014-08-04 12:00:00,21,9.3
2014-08-04 12:00:00,22,9.3
2014-08-04 12:00:00,23,9.3
2014-08-04 12:00:00,24,9.2
2014-08-04 12:00:00,24.2,9.2
2014-08-20 12:00:00,0,24.2
2014-08-20 12:00:00,1,23.9
2014-08-20 12:00:00,2,23.7
2014-08-20 12:00:00,3,23.6
2014-08-20 12:00:00,4,23.6
2014-08-20 12:00:00,5,23.6
2014-08-20 12:00:00,6,23.5
2014-08-20 12:00:00,7,23.3
2014-08-20 12:00:00,8,22.4
2014-08-20 12:00:00,9,20.7
2014-08-20 12:00:00,9.5,19.9
2014-08-20 12:00:00,10,19.2
2014-08-20 12:00:00,10.5,17.6
2014-08-20 12:00:00,11,15.1
2014-08-20 12:00:00,12,13.2
2014-08-20 12:00:00,13,11.9
2014-08-20 12:00:00,14,11.1
2014-08-20 12:00:00,15,10.4
2014-08-20 12:00:00,16,10.2
2014-08-20 12:00:00,17,10.1
2014-08-20 12:00:00,18,9.9
2014-08-20 12:00:00,19,9.8
2014-08-20 12:00:00,20,9.7
2014-08-20 12:00:00,21,9.6
2014-08-20 12:00:00,22,9.6
2014-08-20 12:00:00,23,9.6
2014-08-20 12:00:00,24,9.4
2014-08-20 12:00:00,24.2,9.4
2014-09-02 12:00:00,0,23.8
2014-09-02 12:00:00,1,23.7
2014-09-02 12:00:00,2,23.7
2014-09-02 12:00:00,3,23.6
2014-09-02 12:00:00,4,23.6
2014-09-02 12:00:00,5,23.6
2014-09-02 12:00:00,6,23.6
2014-09-02 12:00:00,7,23.6
2014-09-02 12:00:00,8,23.6
2014-09-02 12:00:00,8.5,23.6
2014-09-02 12:00:00,9,23.6
2014-09-02 12:00:00,9.5,23.5
2014-09-02 12:00:00,10,19.8
2014-09-02 12:00:00,10.5,17.1
2014-09-02 12:00:00,11,16.9
2014-09-02 12:00:00,12,15.2
2014-09-02 12:00:00,13,13.5
2014-09-02 12:00:00,14,12.1
2014-09-02 12:00:00,15,11.2
2014-09-02 12:00:00,16,10.7
2014-09-02 12:00:00,17,10.4
2014-09-02 12:00:00,18,10
2014-09-02 12:00:00,19,10
2014-09-02 12:00:00,20,9.9
2014-09-02 12:00:00,21,9.7
2014-09-02 12:00:00,22,9.7
2014-09-02 12:00:00,23,9.6
2014-09-02 12:00:00,23.3,9.6
2014-09-28 12:00:00,0,20.3
2014-09-28 12:00:00,1,20.3
2014-09-28 12:00:00,2,20.1
2014-09-28 12:00:00,3,19.2
2014-09-28 12:00:00,4,18.9
2014-09-28 12:00:00,5,18.4
2014-09-28 12:00:00,6,18.3
2014-09-28 12:00:00,7,18.2
2014-09-28 12:00:00,8,18.1
2014-09-28 12:00:00,9,18
2014-09-28 12:00:00,10,17.9
2014-09-28 12:00:00,11,17.5
2014-09-28 12:00:00,12,17.3
2014-09-28 12:00:00,13,15.2
2014-09-28 12:00:00,14,12.7
2014-09-28 12:00:00,15,11.1
2014-09-28 12:00:00,16,10.6
2014-09-28 12:00:00,17,10.3
2014-09-28 12:00:00,18,10.1
2014-09-28 12:00:00,19,9.9
2014-09-28 12:00:00,20,9.9
2014-09-28 12:00:00,21,9.9
2014-09-28 12:00:00,22,9.8
2014-09-28 12:00:00,23,9.7
2014-09-28 12:00:00,24,9.6
2014-09-28 12:00:00,24.3,9.7
2014-10-30 12:00:00,0,12.2
2014-10-30 12:00:00,1,12.2
2014-10-30 12:00:00,2,12.2
2014-10-30 12:00:00,3,12.2
2014-10-30 12:00:00,4,12.2
2014-10-30 12:00:00,5,12.2
2014-10-30 12:00:00,6,12.2
2014-10-30 12:00:00,7,12.2
2014-10-30 12:00:00,8,12.2
2014-10-30 12:00:00,9,12.2
2014-10-30 12:00:00,10,12.2
2014-10-30 12:00:00,11,12.2
2014-10-30 12:00:00,12,12.2
2014-10-30 12:00:00,13,12.2
2014-10-30 12:00:00,14,12.2
2014-10-30 12:00:00,15,12.2
2014-10-30 12:00:00,16,12.2
2014-10-30 12:00:00,17,12.2
2014-10-30 12:00:00,18,12.2
2014-10-30 12:00:00,19,12.2
2014-10-30 12:00:00,20,12.2
2014-10-30 12:00:00,21,12.2
2014-10-30 12:00:00,22,11.8
2014-10-30 12:00:00,23,11.7
2014-10-30 12:00:00,24,11.7
2015-02-11 12:00:00,0,0.1
2015-02-11 12:00:00,1,0.4
2015-02-11 12:00:00,2,0.5
2015-02-11 12:00:00,3,0.5
2015-02-11 12:00:00,4,0.5
2015-02-11 12:00:00,5,0.5
2015-02-11 12:00:00,6,0.6
2015-02-11 12:00:00,7,0.6
2015-02-11 12:00:00,8,0.6
2015-02-11 12:00:00,9,0.6
2015-02-11 12:00:00,10,0.6
2015-02-11 12:00:00,11,0.7
2015-02-11 12:00:00,12,0.8
2015-02-11 12:00:00,13,0.8
2015-02-11 12:00:00,14,0.9
2015-02-11 12:00:00,15,0.9
2015-02-11 12:00:00,16,1
2015-02-11 12:00:00,17,1.2
2015-02-11 12:00:00,18,1.3
2015-02-11 12:00:00,19,1.5
2015-02-11 12:00:00,20,1.6
2015-02-11 12:00:00,21,1.8
2015-02-11 12:00:00,22,2.2
2015-02-11 12:00:00,23,2.4
2015-02-11 12:00:00,23.5,2.6
2015-04-10 12:00:00,0,4.6
2015-04-10 12:00:00,1,4.4
2015-04-10 12:00:00,2,4.1
2015-04-10 12:00:00,3,4.1
2015-04-10 12:00:00,4,4
2015-04-10 12:00:00,5,4
2015-04-10 12:00:00,6,4
2015-04-10 12:00:00,7,4
2015-04-10 12:00:00,8,4
2015-04-10 12:00:00,9,4
2015-04-10 12:00:00,10,4
2015-04-10 12:00:00,11,3.9
2015-04-10 12:00:00,12,3.9
2015-04-10 12:00:00,13,3.9
2015-04-10 12:00:00,14,3.9
2015-04-10 12:00:00,15,3.9
2015-04-10 12:00:00,16,3.9
2015-04-10 12:00:00,17,3.9
2015-04-10 12:00:00,18,3.9
2015-04-10 12:00:00,19,4
2015-04-10 12:00:00,20,3.9
2015-04-10 12:00:00,21,3.9
2015-04-10 12:00:00,22,3.9
2015-04-10 12:00:00,23,3.9
2015-04-10 12:00:00,24,3.9
2015-04-10 12:00:00,24.2,3.9
2015-04-24 12:00:00,0,7.5
2015-04-24 12:00:00,1,7.4
2015-04-24 12:00:00,2,7.4
2015-04-24 12:00:00,3,7.3
2015-04-24 12:00:00,4,7.3
2015-04-24 12:00:00,5,7.3
2015-04-24 12:00:00,6,7.3
2015-04-24 12:00:00,7,7.3
2015-04-24 12:00:00,8,7.3
2015-04-24 12:00:00,9,7.2
2015-04-24 12:00:00,10,7.2
2015-04-24 12:00:00,11,7.2
2015-04-24 12:00:00,12,7
2015-04-24 12:00:00,13,7
2015-04-24 12:00:00,14,7
2015-04-24 12:00:00,15,7
2015-04-24 12:00:00,16,6.9
2015-04-24 12:00:00,17,6.9
2015-04-24 12:00:00,18,6.9
2015-04-24 12:00:00,19,6.9
2015-04-24 12:00:00,20,6.9
2015-04-24 12:00:00,21,6.9
2015-04-24 12:00:00,22,6.8
2015-04-24 12:00:00,23,6.8
2015-04-24 12:00:00,24,6.8
2015-04-24 12:00:00,24.2,6.8
2015-05-01 12:00:00,0,10.5
2015-05-01 12:00:00,1,9.2
2015-05-01 12:00:00,2,8.7
2015-05-01 12:00:00,3,8.7
2015-05-01 12:00:00,4,8.6
2015-05-01 12:00:00,5,8.6
2015-05-01 12:00:00,6,8.5
2015-05-01 12:00:00,7,8.5
2015-05-01 12:00:00,8,8.4
2015-05-01 12:00:00,9,8.4
2015-05-01 12:00:00,10,8.3
2015-05-01 12:00:00,11,8.2
2015-05-01 12:00:00,12,8.2
2015-05-01 12:00:00,13,8.1
2015-05-01 12:00:00,14,8
2015-05-01 12:00:00,15,7.8
2015-05-01 12:00:00,16,7.6
2015-05-01 12:00:00,17,7.4
2015-05-01 12:00:00,18,7.3
2015-05-01 12:00:00,19,7.2
2015-05-01 12:00:00,20,7.2
2015-05-01 12:00:00,21,7
2015-05-01 12:00:00,22,7
2015-05-01 12:00:00,23,7
2015-05-01 12:00:00,24,7
2015-05-01 12:00:00,24.3,7
2015-05-13 12:00:00,0,13.6
2015-05-13 12:00:00,1,12.8
2015-05-13 12:00:00,2,12.6
2015-05-13 12:00:00,3,12.4
2015-05-13 12:00:00,4,12.4
2015-05-13 12:00:00,5,12.4
2015-05-13 12:00:00,6,12.4
2015-05-13 12:00:00,7,12.3
2015-05-13 12:00:00,8,12.2
2015-05-13 12:00:00,9,11.8
2015-05-13 12:00:00,10,10.4
2015-05-13 12:00:00,11,9.6
2015-05-13 12:00:00,12,9.6
2015-05-13 12:00:00,13,9.5
2015-05-13 12:00:00,14,9.3
2015-05-13 12:00:00,15,8.6
2015-05-13 12:00:00,16,8.6
2015-05-13 12:00:00,17,8.6
2015-05-13 12:00:00,18,8.6
2015-05-13 12:00:00,19,8.6
2015-05-13 12:00:00,20,8.6
2015-05-13 12:00:00,21,8.6
2015-05-13 12:00:00,22,8.6
2015-05-13 12:00:00,23,8.5
2015-05-13 12:00:00,24,8.5
2015-05-13 12:00:00,24.4,8.5
2015-05-27 12:00:00,0,15.9
2015-05-27 12:00:00,1,15.9
2015-05-27 12:00:00,2,15.8
2015-05-27 12:00:00,3,15.8
2015-05-27 12:00:00,4,15.7
2015-05-27 12:00:00,5,15.7
2015-05-27 12:00:00,6,15.6
2015-05-27 12:00:00,7,15.2
2015-05-27 12:00:00,8,15.1
2015-05-27 12:00:00,9,14.6
2015-05-27 12:00:00,10,14.3
2015-05-27 12:00:00,11,14.2
2015-05-27 12:00:00,12,13.1
2015-05-27 12:00:00,13,11.7
2015-05-27 12:00:00,14,11.5
2015-05-27 12:00:00,15,11.1
2015-05-27 12:00:00,16,9.9
2015-05-27 12:00:00,17,9.2
2015-05-27 12:00:00,18,9.1
2015-05-27 12:00:00,19,9
2015-05-27 12:00:00,20,9
2015-05-27 12:00:00,21,9
2015-05-27 12:00:00,22,8.9
2015-05-27 12:00:00,23,8.9
2015-05-27 12:00:00,24,8.9
2015-05-27 12:00:00,24.2,8.9
2015-06-08 12:00:00,0,20.4
2015-06-08 12:00:00,1,20
2015-06-08 12:00:00,2,19.8
2015-06-08 12:00:00,3,19.6
2015-06-08 12:00:00,4,19.4
2015-06-08 12:00:00,5,19.2
2015-06-08 12:00:00,6,18.8
2015-06-08 12:00:00,7,18.5
2015-06-08 12:00:00,8,17.2
2015-06-08 12:00:00,9,14.6
2015-06-08 12:00:00,10,14
2015-06-08 12:00:00,11,13.9
2015-06-08 12:00:00,12,13.4
2015-06-08 12:00:00,13,12.8
2015-06-08 12:00:00,14,11.8
2015-06-08 12:00:00,15,11.6
2015-06-08 12:00:00,16,11
2015-06-08 12:00:00,17,10.2
2015-06-08 12:00:00,18,10
2015-06-08 12:00:00,19,10
2015-06-08 12:00:00,20,9.8
2015-06-08 12:00:00,21,9.7
2015-06-08 12:00:00,22,9.4
2015-06-08 12:00:00,23,9.4
2015-06-08 12:00:00,24,9.3
2015-06-08 12:00:00,24.5,9.3
2015-06-23 12:00:00,0,22
2015-06-23 12:00:00,1,22
2015-06-23 12:00:00,2,21.9
2015-06-23 12:00:00,3,21.9
2015-06-23 12:00:00,4,21.9
2015-06-23 12:00:00,5,21.7
2015-06-23 12:00:00,6,21.5
2015-06-23 12:00:00,7,21.4
2015-06-23 12:00:00,7.5,21.3
2015-06-23 12:00:00,8,21.3
2015-06-23 12:00:00,8.5,18.2
2015-06-23 12:00:00,9,16.7
2015-06-23 12:00:00,10,15.9
2015-06-23 12:00:00,11,14.2
2015-06-23 12:00:00,12,13.5
2015-06-23 12:00:00,13,13
2015-06-23 12:00:00,14,12.6
2015-06-23 12:00:00,15,11.9
2015-06-23 12:00:00,16,11.7
2015-06-23 12:00:00,17,11.1
2015-06-23 12:00:00,18,10.9
2015-06-23 12:00:00,19,10.4
2015-06-23 12:00:00,20,10.1
2015-06-23 12:00:00,21,10
2015-06-23 12:00:00,22,9.9
2015-06-23 12:00:00,23,9.9
2015-06-23 12:00:00,24,9.9
2015-06-23 12:00:00,24.4,9.9
2015-07-08 12:00:00,0,22.8
2015-07-08 12:00:00,1,22.6
2015-07-08 12:00:00,2,22.4
2015-07-08 12:00:00,3,22.3
2015-07-08 12:00:00,4,22.2
2015-07-08 12:00:00,5,22.2
2015-07-08 12:00:00,6,22.2
2015-07-08 12:00:00,6.5,22.2
2015-07-08 12:00:00,7,22.2
2015-07-08 12:00:00,7.5,22.1
2015-07-08 12:00:00,8,21.8
2015-07-08 12:00:00,8.5,19.1
2015-07-08 12:00:00,9,18
2015-07-08 12:00:00,9.5,17.7
2015-07-08 12:00:00,10,16.6
2015-07-08 12:00:00,11,14
2015-07-08 12:00:00,12,13.1
2015-07-08 12:00:00,13,12.6
2015-07-08 12:00:00,14,12
2015-07-08 12:00:00,15,11.5
2015-07-08 12:00:00,16,11
2015-07-08 12:00:00,17,10.5
2015-07-08 12:00:00,18,10.2
2015-07-08 12:00:00,19,10
2015-07-08 12:00:00,20,10
2015-07-08 12:00:00,21,10
2015-07-08 12:00:00,22,9.9
2015-07-08 12:00:00,23,9.9
2015-07-08 12:00:00,24,9.8
2015-07-08 12:00:00,24.4,9.8
2015-07-20 12:00:00,0,24.5
2015-07-20 12:00:00,1,24.5
2015-07-20 12:00:00,2,24.5
2015-07-20 12:00:00,3,24.5
2015-07-20 12:00:00,4,24.5
2015-07-20 12:00:00,5,24.5
2015-07-20 12:00:00,6,24.5
2015-07-20 12:00:00,7,24.5
2015-07-20 12:00:00,7.5,24.3
2015-07-20 12:00:00,8,24
2015-07-20 12:00:00,8.5,20.9
2015-07-20 12:00:00,9,19.5
2015-07-20 12:00:00,10,17.8
2015-07-20 12:00:00,11,15.2
2015-07-20 12:00:00,12,14.3
2015-07-20 12:00:00,13,13.8
2015-07-20 12:00:00,14,13
2015-07-20 12:00:00,15,12
2015-07-20 12:00:00,16,11.7
2015-07-20 12:00:00,17,11.4
2015-07-20 12:00:00,18,11.1
2015-07-20 12:00:00,19,10.9
2015-07-20 12:00:00,20,10.6
2015-07-20 12:00:00,21,10.3
2015-07-20 12:00:00,22,10.2
2015-07-20 12:00:00,23,10.1
2015-07-20 12:00:00,23.9,10.1
2015-08-03 12:00:00,0,24.4
2015-08-03 12:00:00,1,24.4
2015-08-03 12:00:00,2,24.4
2015-08-03 12:00:00,3,24.4
2015-08-03 12:00:00,4,24.3
2015-08-03 12:00:00,5,24.3
2015-08-03 12:00:00,6,24.2
2015-08-03 12:00:00,7,24.1
2015-08-03 12:00:00,8,24.1
2015-08-03 12:00:00,8.5,24
2015-08-03 12:00:00,9,23.8
2015-08-03 12:00:00,9.5,22.4
2015-08-03 12:00:00,10,18.9
2015-08-03 12:00:00,10.5,17.4
2015-08-03 12:00:00,11,16.1
2015-08-03 12:00:00,11.5,15.4
2015-08-03 12:00:00,12,15.1
2015-08-03 12:00:00,12.5,15.4
2015-08-03 12:00:00,13,14.1
2015-08-03 12:00:00,14,12.9
2015-08-03 12:00:00,15,12.3
2015-08-03 12:00:00,16,12
2015-08-03 12:00:00,17,11.6
2015-08-03 12:00:00,18,10.9
2015-08-03 12:00:00,19,10.6
2015-08-03 12:00:00,20,10.5
2015-08-03 12:00:00,21,10.5
2015-08-03 12:00:00,22,10.4
2015-08-03 12:00:00,23,10.3
2015-08-03 12:00:00,24,10.2
2015-08-03 12:00:00,24.4,10.3
2015-08-18 12:00:00,0,25.7
2015-08-18 12:00:00,1,25.6
2015-08-18 12:00:00,2,25.6
2015-08-18 12:00:00,3,25.3
2015-08-18 12:00:00,4,25.2
2015-08-18 12:00:00,5,25.1
2015-08-18 12:00:00,6,23.5
2015-08-18 12:00:00,7,23.3
2015-08-18 12:00:00,8,22.6
2015-08-18 12:00:00,9,21.2
2015-08-18 12:00:00,10,19.9
2015-08-18 12:00:00,11,18.9
2015-08-18 12:00:00,11.5,18.5
2015-08-18 12:00:00,12,16
2015-08-18 12:00:00,12.5,15.2
2015-08-18 12:00:00,13,13.8
2015-08-18 12:00:00,14,12.6
2015-08-18 12:00:00,15,12.1
2015-08-18 12:00:00,16,11.5
2015-08-18 12:00:00,17,10.9
2015-08-18 12:00:00,18,10.7
2015-08-18 12:00:00,19,10.5
2015-08-18 12:00:00,20,10.4
2015-08-18 12:00:00,21,10.3
2015-08-18 12:00:00,22,10.2
2015-08-18 12:00:00,23,10.1
2015-08-18 12:00:00,24,10.1
2015-08-18 12:00:00,24.3,10.1
2015-08-31 12:00:00,0,22.4
2015-08-31 12:00:00,1,22.1
2015-08-31 12:00:00,2,21.3
2015-08-31 12:00:00,3,21
2015-08-31 12:00:00,4,20.9
2015-08-31 12:00:00,5,20.9
2015-08-31 12:00:00,6,20.7
2015-08-31 12:00:00,7,20.7
2015-08-31 12:00:00,8,20.7
2015-08-31 12:00:00,9,20.6
2015-08-31 12:00:00,10,20.6
2015-08-31 12:00:00,10.5,20.4
2015-08-31 12:00:00,11,20
2015-08-31 12:00:00,11.5,19.7
2015-08-31 12:00:00,12,16.9
2015-08-31 12:00:00,13,14.8
2015-08-31 12:00:00,14,13
2015-08-31 12:00:00,15,11.9
2015-08-31 12:00:00,16,11.5
2015-08-31 12:00:00,17,11.1
2015-08-31 12:00:00,18,11
2015-08-31 12:00:00,19,10.8
2015-08-31 12:00:00,20,10.6
2015-08-31 12:00:00,21,10.5
2015-08-31 12:00:00,22,10.4
2015-08-31 12:00:00,23,10.4
2015-08-31 12:00:00,24,10.2
2015-08-31 12:00:00,24.4,10.1
2015-10-07 12:00:00,0,17.4
2015-10-07 12:00:00,1,17.4
2015-10-07 12:00:00,2,17.3
2015-10-07 12:00:00,3,17.3
2015-10-07 12:00:00,4,17.2
2015-10-07 12:00:00,5,17.2
2015-10-07 12:00:00,6,17
2015-10-07 12:00:00,7,17
2015-10-07 12:00:00,8,17
2015-10-07 12:00:00,9,17
2015-10-07 12:00:00,10,17
2015-10-07 12:00:00,11,17
2015-10-07 12:00:00,12,17
2015-10-07 12:00:00,13,16.9
2015-10-07 12:00:00,13.5,16.9
2015-10-07 12:00:00,14,16.8
2015-10-07 12:00:00,14.5,16.3
2015-10-07 12:00:00,15,14.8
2015-10-07 12:00:00,16,12.8
2015-10-07 12:00:00,17,11.9
2015-10-07 12:00:00,18,11.4
2015-10-07 12:00:00,19,11.2
2015-10-07 12:00:00,20,11
2015-10-07 12:00:00,21,10.8
2015-10-07 12:00:00,22,10.7
2015-10-07 12:00:00,23,10.6
2015-10-07 12:00:00,24,10.5
2015-10-07 12:00:00,24.3,10.5
2015-11-02 12:00:00,0,12.4
2015-11-02 12:00:00,1,12.4
2015-11-02 12:00:00,2,12.4
2015-11-02 12:00:00,3,12.4
2015-11-02 12:00:00,4,12.4
2015-11-02 12:00:00,5,12.4
2015-11-02 12:00:00,6,12.4
2015-11-02 12:00:00,7,12.4
2015-11-02 12:00:00,8,12.4
2015-11-02 12:00:00,9,12.3
2015-11-02 12:00:00,10,12.3
2015-11-02 12:00:00,11,12.3
2015-11-02 12:00:00,12,12.3
2015-11-02 12:00:00,13,12.3
2015-11-02 12:00:00,14,12.3
2015-11-02 12:00:00,15,12.3
2015-11-02 12:00:00,16,12.3
2015-11-02 12:00:00,17,12.3
2015-11-02 12:00:00,18,12.3
2015-11-02 12:00:00,19,12.3
2015-11-02 12:00:00,20,12.2
2015-11-02 12:00:00,21,12.2
2015-11-02 12:00:00,22,12.1
2015-11-02 12:00:00,23,12
2015-11-02 12:00:00,24,11.8
2015-11-02 12:00:00,24.4,11.8
2016-01-27 12:00:00,0,0.1
2016-01-27 12:00:00,1,1.5
2016-01-27 12:00:00,2,1.5
2016-01-27 12:00:00,3,1.5
2016-01-27 12:00:00,4,1.5
2016-01-27 12:00:00,5,1.5
2016-01-27 12:00:00,6,1.5
2016-01-27 12:00:00,7,1.5
2016-01-27 12:00:00,8,1.6
2016-01-27 12:00:00,9,1.6
2016-01-27 12:00:00,10,1.6
2016-01-27 12:00:00,11,1.6
2016-01-27 12:00:00,12,1.6
2016-01-27 12:00:00,13,1.6
2016-01-27 12:00:00,14,1.6
2016-01-27 12:00:00,15,1.6
2016-01-27 12:00:00,16,1.6
2016-01-27 12:00:00,17,1.6
2016-01-27 12:00:00,18,1.6
2016-01-27 12:00:00,19,1.6
2016-01-27 12:00:00,20,1.7
2016-01-27 12:00:00,21,1.9
2016-01-27 12:00:00,22,1.9
2016-01-27 12:00:00,23,2.1
2016-01-27 12:00:00,24,2.2
2016-01-27 12:00:00,24.3,2.2
2016-03-28 12:00:00,0,4.6
2016-03-28 12:00:00,1,4.6
2016-03-28 12:00:00,2,4.6
2016-03-28 12:00:00,3,4.5
2016-03-28 12:00:00,4,4.5
2016-03-28 12:00:00,5,4.5
2016-03-28 12:00:00,6,4.5
2016-03-28 12:00:00,7,4.5
2016-03-28 12:00:00,8,4.5
2016-03-28 12:00:00,9,4.4
2016-03-28 12:00:00,10,4.4
2016-03-28 12:00:00,11,4.4
2016-03-28 12:00:00,12,4.4
2016-03-28 12:00:00,13,4.4
2016-03-28 12:00:00,14,4.4
2016-03-28 12:00:00,15,4.4
2016-03-28 12:00:00,16,4.4
2016-03-28 12:00:00,17,4.4
2016-03-28 12:00:00,18,4.4
2016-03-28 12:00:00,19,4.4
2016-03-28 12:00:00,20,4.4
2016-03-28 12:00:00,21,4.4
2016-03-28 12:00:00,22,4.4
2016-03-28 12:00:00,23,4.4
2016-03-28 12:00:00,24,4.5
2016-03-28 12:00:00,24.2,4.5
2016-04-12 12:00:00,0,6.6
2016-04-12 12:00:00,1,5.6
2016-04-12 12:00:00,2,5.5
2016-04-12 12:00:00,3,5.5
2016-04-12 12:00:00,4,5.4
2016-04-12 12:00:00,5,5.4
2016-04-12 12:00:00,6,5.4
2016-04-12 12:00:00,7,5.3
2016-04-12 12:00:00,8,5.3
2016-04-12 12:00:00,9,5.3
2016-04-12 12:00:00,10,5.3
2016-04-12 12:00:00,11,5.3
2016-04-12 12:00:00,12,5.3
2016-04-12 12:00:00,13,5.3
2016-04-12 12:00:00,14,5.2
2016-04-12 12:00:00,15,5.2
2016-04-12 12:00:00,16,5.2
2016-04-12 12:00:00,17,5.2
2016-04-12 12:00:00,18,5.2
2016-04-12 12:00:00,19,5.2
2016-04-12 12:00:00,20,5.2
2016-04-12 12:00:00,21,5.2
2016-04-12 12:00:00,22,5.2
2016-04-12 12:00:00,23,5.2
2016-04-12 12:00:00,24,5.2
2016-04-12 12:00:00,24.3,5.5
2016-04-25 12:00:00,0,11.2
2016-04-25 12:00:00,1,11.1
2016-04-25 12:00:00,2,11
2016-04-25 12:00:00,3,10.8
2016-04-25 12:00:00,4,10.3
2016-04-25 12:00:00,5,10
2016-04-25 12:00:00,6,9.6
2016-04-25 12:00:00,7,9
2016-04-25 12:00:00,8,8.1
2016-04-25 12:00:00,9,7.2
2016-04-25 12:00:00,10,7.1
2016-04-25 12:00:00,11,6.7
2016-04-25 12:00:00,12,6.5
2016-04-25 12:00:00,13,6.3
2016-04-25 12:00:00,14,6.1
2016-04-25 12:00:00,15,5.9
2016-04-25 12:00:00,16,5.7
2016-04-25 12:00:00,17,5.7
2016-04-25 12:00:00,18,5.7
2016-04-25 12:00:00,19,5.6
2016-04-25 12:00:00,20,5.6
2016-04-25 12:00:00,21,5.6
2016-04-25 12:00:00,22,5.5
2016-04-25 12:00:00,23,5.5
2016-04-25 12:00:00,24,5.5
2016-04-25 12:00:00,24.3,5.5
2016-05-11 12:00:00,0,10.8
2016-05-11 12:00:00,1,10.8
2016-05-11 12:00:00,2,10.7
2016-05-11 12:00:00,3,10.6
2016-05-11 12:00:00,4,10.6
2016-05-11 12:00:00,5,10.5
2016-05-11 12:00:00,6,10.5
2016-05-11 12:00:00,7,10.4
2016-05-11 12:00:00,8,10.4
2016-05-11 12:00:00,9,10.4
2016-05-11 12:00:00,10,10.4
2016-05-11 12:00:00,11,10.3
2016-05-11 12:00:00,12,10.1
2016-05-11 12:00:00,13,9.9
2016-05-11 12:00:00,14,9.8
2016-05-11 12:00:00,15,9.7
2016-05-11 12:00:00,16,9.7
2016-05-11 12:00:00,17,9.6
2016-05-11 12:00:00,18,9.5
2016-05-11 12:00:00,19,9
2016-05-11 12:00:00,20,9
2016-05-11 12:00:00,21,9
2016-05-11 12:00:00,22,9
2016-05-11 12:00:00,23,8.9
2016-05-11 12:00:00,24,8.8
2016-05-11 12:00:00,24.4,8.8
2016-05-23 12:00:00,0,15.9
2016-05-23 12:00:00,1,15.5
2016-05-23 12:00:00,2,15.1
2016-05-23 12:00:00,3,13.9
2016-05-23 12:00:00,4,12.7
2016-05-23 12:00:00,5,11.9
2016-05-23 12:00:00,6,11.7
2016-05-23 12:00:00,7,11.6
2016-05-23 12:00:00,8,11.4
2016-05-23 12:00:00,9,11.2
2016-05-23 12:00:00,10,11.1
2016-05-23 12:00:00,11,11
2016-05-23 12:00:00,12,10.8
2016-05-23 12:00:00,13,10.6
2016-05-23 12:00:00,14,10.4
2016-05-23 12:00:00,15,10.2
2016-05-23 12:00:00,16,9.9
2016-05-23 12:00:00,17,9.7
2016-05-23 12:00:00,18,9.5
2016-05-23 12:00:00,19,9.4
2016-05-23 12:00:00,20,9.3
2016-05-23 12:00:00,21,9.3
2016-05-23 12:00:00,22,9.3
2016-05-23 12:00:00,23,9.2
2016-05-23 12:00:00,24,9.2
2016-05-23 12:00:00,24.4,9.2
2016-06-07 12:00:00,0,19.8
2016-06-07 12:00:00,1,19.8
2016-06-07 12:00:00,2,19.8
2016-06-07 12:00:00,3,19.8
2016-06-07 12:00:00,4,19.8
2016-06-07 12:00:00,5,19.6
2016-06-07 12:00:00,6,19.4
2016-06-07 12:00:00,7,19.2
2016-06-07 12:00:00,7.5,19.2
2016-06-07 12:00:00,8,19.3
2016-06-07 12:00:00,9,13.2
2016-06-07 12:00:00,10,12.4
2016-06-07 12:00:00,11,12.2
2016-06-07 12:00:00,12,11.5
2016-06-07 12:00:00,13,11.4
2016-06-07 12:00:00,14,11.1
2016-06-07 12:00:00,15,11
2016-06-07 12:00:00,16,10.8
2016-06-07 12:00:00,17,10.7
2016-06-07 12:00:00,18,10.6
2016-06-07 12:00:00,19,10.5
2016-06-07 12:00:00,20,10.3
2016-06-07 12:00:00,21,10.1
2016-06-07 12:00:00,22,10.1
2016-06-07 12:00:00,23,10
2016-06-07 12:00:00,24,9.9
2016-06-07 12:00:00,24.5,9.9
2016-06-20 12:00:00,0,23.3
2016-06-20 12:00:00,1,23.2
2016-06-20 12:00:00,2,23.2
2016-06-20 12:00:00,3,23.2
2016-06-20 12:00:00,4,23.2
2016-06-20 12:00:00,5,23.2
2016-06-20 12:00:00,6,23.1
2016-06-20 12:00:00,7,23.1
2016-06-20 12:00:00,8,22.7
2016-06-20 12:00:00,8.5,20
2016-06-20 12:00:00,9,18.7
2016-06-20 12:00:00,9.5,17.6
2016-06-20 12:00:00,10,17
2016-06-20 12:00:00,10.5,14.3
2016-06-20 12:00:00,11,13.6
2016-06-20 12:00:00,12,12.8
2016-06-20 12:00:00,13,12.1
2016-06-20 12:00:00,14,11.2
2016-06-20 12:00:00,15,10.7
2016-06-20 12:00:00,16,10.6
2016-06-20 12:00:00,17,10.5
2016-06-20 12:00:00,18,10.5
2016-06-20 12:00:00,19,10.4
2016-06-20 12:00:00,20,10.3
2016-06-20 12:00:00,21,10.3
2016-06-20 12:00:00,22,10.2
2016-06-20 12:00:00,23,10.2
2016-06-20 12:00:00,24,10.1
2016-06-20 12:00:00,24.5,10.1
2016-07-05 12:00:00,0,23.6
2016-07-05 12:00:00,1,23.6
2016-07-05 12:00:00,2,23.6
2016-07-05 12:00:00,3,23.6
2016-07-05 12:00:00,4,23.6
2016-07-05 12:00:00,5,23.5
2016-07-05 12:00:00,6,23.5
2016-07-05 12:00:00,7,23.2
2016-07-05 12:00:00,7.5,23.1
2016-07-05 12:00:00,8,20.8
2016-07-05 12:00:00,8.5,17.8
2016-07-05 12:00:00,9,16.1
2016-07-05 12:00:00,10,14.4
2016-07-05 12:00:00,11,12.8
2016-07-05 12:00:00,12,12
2016-07-05 12:00:00,13,11.5
2016-07-05 12:00:00,14,11.1
2016-07-05 12:00:00,15,10.8
2016-07-05 12:00:00,16,10.5
2016-07-05 12:00:00,17,10.5
2016-07-05 12:00:00,18,10.4
2016-07-05 12:00:00,19,10.3
2016-07-05 12:00:00,20,10.3
2016-07-05 12:00:00,21,10.2
2016-07-05 12:00:00,22,10.1
2016-07-05 12:00:00,23,10.1
2016-07-05 12:00:00,23.6,10.1
2016-07-18 12:00:00,0,25.1
2016-07-18 12:00:00,1,24.5
2016-07-18 12:00:00,2,24.4
2016-07-18 12:00:00,3,24.3
2016-07-18 12:00:00,4,24.1
2016-07-18 12:00:00,5,24
2016-07-18 12:00:00,6,24
2016-07-18 12:00:00,7,23.9
2016-07-18 12:00:00,8,23.9
2016-07-18 12:00:00,8.5,23.8
2016-07-18 12:00:00,9,20.5
2016-07-18 12:00:00,9.5,18.3
2016-07-18 12:00:00,10,17.5
2016-07-18 12:00:00,10.5,15.6
2016-07-18 12:00:00,11,13.8
2016-07-18 12:00:00,12,12.8
2016-07-18 12:00:00,13,12.4
2016-07-18 12:00:00,14,11.9
2016-07-18 12:00:00,15,11.6
2016-07-18 12:00:00,16,11.3
2016-07-18 12:00:00,17,10.8
2016-07-18 12:00:00,18,10.6
2016-07-18 12:00:00,19,10.5
2016-07-18 12:00:00,20,10.4
2016-07-18 12:00:00,21,10.4
2016-07-18 12:00:00,22,10.3
2016-07-18 12:00:00,23,10.3
2016-07-18 12:00:00,24,10.2
2016-07-18 12:00:00,24.3,10.3
2016-08-01 12:00:00,0,25.9
2016-08-01 12:00:00,1,25.2
2016-08-01 12:00:00,2,25.1
2016-08-01 12:00:00,3,25
2016-08-01 12:00:00,4,25
2016-08-01 12:00:00,5,24.9
2016-08-01 12:00:00,6,24.8
2016-08-01 12:00:00,7,24.4
2016-08-01 12:00:00,8,23.4
2016-08-01 12:00:00,8.5,22.4
2016-08-01 12:00:00,9,21.5
2016-08-01 12:00:00,9.5,19.5
2016-08-01 12:00:00,10,18.7
2016-08-01 12:00:00,10.5,17.4
2016-08-01 12:00:00,11,15.7
2016-08-01 12:00:00,12,13.3
2016-08-01 12:00:00,13,12.6
2016-08-01 12:00:00,14,12
2016-08-01 12:00:00,15,11.3
2016-08-01 12:00:00,16,11.1
2016-08-01 12:00:00,17,10.9
2016-08-01 12:00:00,18,10.8
2016-08-01 12:00:00,19,10.7
2016-08-01 12:00:00,20,10.6
2016-08-01 12:00:00,21,10.5
2016-08-01 12:00:00,22,10.5
2016-08-01 12:00:00,23,10.5
2016-08-01 12:00:00,24,10.3
2016-08-01 12:00:00,24.3,10.3
2016-08-15 12:00:00,0,26.5
2016-08-15 12:00:00,1,26.4
2016-08-15 12:00:00,2,26.4
2016-08-15 12:00:00,3,26.3
2016-08-15 12:00:00,4,26.3
2016-08-15 12:00:00,5,26.3
2016-08-15 12:00:00,6,26
2016-08-15 12:00:00,7,25.8
2016-08-15 12:00:00,7.5,25.7
2016-08-15 12:00:00,8,24.3
2016-08-15 12:00:00,8.5,23
2016-08-15 12:00:00,9,21.6
2016-08-15 12:00:00,9.5,20.4
2016-08-15 12:00:00,10,19
2016-08-15 12:00:00,10.5,18.1
2016-08-15 12:00:00,11,17.2
2016-08-15 12:00:00,11.5,15.5
2016-08-15 12:00:00,12,14.8
2016-08-15 12:00:00,13,13.5
2016-08-15 12:00:00,14,12.6
2016-08-15 12:00:00,15,12.1
2016-08-15 12:00:00,16,11.2
2016-08-15 12:00:00,17,11
2016-08-15 12:00:00,18,10.9
2016-08-15 12:00:00,19,10.8
2016-08-15 12:00:00,20,10.6
2016-08-15 12:00:00,21,10.6
2016-08-15 12:00:00,22,10.4
2016-08-15 12:00:00,23,10.5
2016-08-15 12:00:00,24,10.5
2016-08-15 12:00:00,24.2,10.5
2016-08-30 12:00:00,0,24.6
2016-08-30 12:00:00,1,24.4
2016-08-30 12:00:00,2,24.2
2016-08-30 12:00:00,3,24.1
2016-08-30 12:00:00,4,24.1
2016-08-30 12:00:00,5,24
2016-08-30 12:00:00,6,24
2016-08-30 12:00:00,7,23.9
2016-08-30 12:00:00,8,23.9
2016-08-30 12:00:00,8.5,23.8
2016-08-30 12:00:00,9,23.5
2016-08-30 12:00:00,9.5,22.9
2016-08-30 12:00:00,10,21.3
2016-08-30 12:00:00,10.5,19.3
2016-08-30 12:00:00,11,17.3
2016-08-30 12:00:00,12,15.2
2016-08-30 12:00:00,13,13.5
2016-08-30 12:00:00,14,12.6
2016-08-30 12:00:00,15,12
2016-08-30 12:00:00,16,11.4
2016-08-30 12:00:00,17,11.1
2016-08-30 12:00:00,18,10.9
2016-08-30 12:00:00,19,10.7
2016-08-30 12:00:00,20,10.6
2016-08-30 12:00:00,21,10.6
2016-08-30 12:00:00,22,10.5
2016-08-30 12:00:00,23,10.5
2016-08-30 12:00:00,24,10.4
2016-08-30 12:00:00,24.4,10.4
2016-10-04 12:00:00,0,18
2016-10-04 12:00:00,1,18.2
2016-10-04 12:00:00,2,18.2
2016-10-04 12:00:00,3,18.2
2016-10-04 12:00:00,4,18.2
2016-10-04 12:00:00,5,18.2
2016-10-04 12:00:00,6,18.2
2016-10-04 12:00:00,7,18.2
2016-10-04 12:00:00,8,18.2
2016-10-04 12:00:00,9,18.2
2016-10-04 12:00:00,10,18.2
2016-10-04 12:00:00,11,18.2
2016-10-04 12:00:00,12,18.2
2016-10-04 12:00:00,12.5,18.1
2016-10-04 12:00:00,13,17
2016-10-04 12:00:00,13.5,15.3
2016-10-04 12:00:00,14,14
2016-10-04 12:00:00,15,12.5
2016-10-04 12:00:00,16,11.9
2016-10-04 12:00:00,17,11.7
2016-10-04 12:00:00,18,11.5
2016-10-04 12:00:00,19,11.3
2016-10-04 12:00:00,20,11.2
2016-10-04 12:00:00,21,10.9
2016-10-04 12:00:00,22,10.8
2016-10-04 12:00:00,23,10.7
2016-10-04 12:00:00,24,10.6
2016-10-04 12:00:00,24.5,10.6
2016-11-09 12:00:00,0,13.5
2016-11-09 12:00:00,1,13.5
2016-11-09 12:00:00,2,13.5
2016-11-09 12:00:00,3,13.3
2016-11-09 12:00:00,4,13.3
2016-11-09 12:00:00,5,13.3
2016-11-09 12:00:00,6,13.3
2016-11-09 12:00:00,7,13.3
2016-11-09 12:00:00,8,13.3
2016-11-09 12:00:00,9,13.3
2016-11-09 12:00:00,10,13.3
2016-11-09 12:00:00,11,13.3
2016-11-09 12:00:00,12,13.3
2016-11-09 12:00:00,13,13.3
2016-11-09 12:00:00,14,13.3
2016-11-09 12:00:00,15,13.3
2016-11-09 12:00:00,16,13.3
2016-11-09 12:00:00,17,13.3
2016-11-09 12:00:00,18,13.3
2016-11-09 12:00:00,19,13.3
2016-11-09 12:00:00,20,13
2016-11-09 12:00:00,21,11.5
2016-11-09 12:00:00,22,11.2
2016-11-09 12:00:00,23,11
2016-11-09 12:00:00,24,11
2016-11-09 12:00:00,24.5,10.9
2017-02-06 12:00:00,0,0.2
2017-02-06 12:00:00,1,0.6
2017-02-06 12:00:00,2,0.8
2017-02-06 12:00:00,3,0.8
2017-02-06 12:00:00,4,0.8
2017-02-06 12:00:00,5,0.8
2017-02-06 12:00:00,6,0.8
2017-02-06 12:00:00,7,0.8
2017-02-06 12:00:00,8,0.8
2017-02-06 12:00:00,9,0.8
2017-02-06 12:00:00,10,0.9
2017-02-06 12:00:00,11,0.9
2017-02-06 12:00:00,12,0.9
2017-02-06 12:00:00,13,1
2017-02-06 12:00:00,14,1
2017-02-06 12:00:00,15,1.1
2017-02-06 12:00:00,16,1.2
2017-02-06 12:00:00,17,1.3
2017-02-06 12:00:00,18,1.4
2017-02-06 12:00:00,19,1.6
2017-02-06 12:00:00,20,1.5
2017-02-06 12:00:00,21,1.8
2017-02-06 12:00:00,22,2
2017-02-06 12:00:00,23,2.3
2017-02-06 12:00:00,24,3.1
2017-02-06 12:00:00,24.2,3.1
2017-04-17 12:00:00,0,9.5
2017-04-17 12:00:00,1,7.7
2017-04-17 12:00:00,2,7.6
2017-04-17 12:00:00,3,7.6
2017-04-17 12:00:00,4,7.6
2017-04-17 12:00:00,5,7.5
2017-04-17 12:00:00,6,7.5
2017-04-17 12:00:00,7,7.5
2017-04-17 12:00:00,8,7.5
2017-04-17 12:00:00,9,7.5
2017-04-17 12:00:00,10,7.5
2017-04-17 12:00:00,11,7.5
2017-04-17 12:00:00,12,7.5
2017-04-17 12:00:00,13,7.5
2017-04-17 12:00:00,14,7.5
2017-04-17 12:00:00,15,7.5
2017-04-17 12:00:00,16,7.5
2017-04-17 12:00:00,17,7.4
2017-04-17 12:00:00,18,7.4
2017-04-17 12:00:00,19,7.3
2017-04-17 12:00:00,20,7.3
2017-04-17 12:00:00,21,7.2
2017-04-17 12:00:00,22,7.1
2017-04-17 12:00:00,23,6.6
2017-04-17 12:00:00,24,6.6
2017-04-17 12:00:00,24.4,6.6
2017-05-03 12:00:00,0,10.1
2017-05-03 12:00:00,1,9.7
2017-05-03 12:00:00,2,9.4
2017-05-03 12:00:00,3,9.1
2017-05-03 12:00:00,4,9.1
2017-05-03 12:00:00,5,9.1
2017-05-03 12:00:00,6,9.1
2017-05-03 12:00:00,7,9.1
2017-05-03 12:00:00,8,9.1
2017-05-03 12:00:00,9,9.1
2017-05-03 12:00:00,10,9.1
2017-05-03 12:00:00,11,9.1
2017-05-03 12:00:00,12,9.1
2017-05-03 12:00:00,13,9.1
2017-05-03 12:00:00,14,9.1
2017-05-03 12:00:00,15,9.1
2017-05-03 12:00:00,16,9.1
2017-05-03 12:00:00,17,9.1
2017-05-03 12:00:00,18,9.1
2017-05-03 12:00:00,19,9.1
2017-05-03 12:00:00,20,9.1
2017-05-03 12:00:00,21,9.1
2017-05-03 12:00:00,22,9.1
2017-05-03 12:00:00,23,9.1
2017-05-03 12:00:00,24,9.1
2017-05-03 12:00:00,25,9.1
2017-05-15 12:00:00,0,13.8
2017-05-15 12:00:00,1,13.5
2017-05-15 12:00:00,2,13.3
2017-05-15 12:00:00,3,13.1
2017-05-15 12:00:00,4,12.7
2017-05-15 12:00:00,5,12.6
2017-05-15 12:00:00,6,12.4
2017-05-15 12:00:00,7,12.3
2017-05-15 12:00:00,8,12.2
2017-05-15 12:00:00,9,12.1
2017-05-15 12:00:00,10,11.9
2017-05-15 12:00:00,11,11.2
2017-05-15 12:00:00,12,10.3
2017-05-15 12:00:00,13,10
2017-05-15 12:00:00,14,10
2017-05-15 12:00:00,15,9.9
2017-05-15 12:00:00,16,9.8
2017-05-15 12:00:00,17,9.7
2017-05-15 12:00:00,18,9.6
2017-05-15 12:00:00,19,9.4
2017-05-15 12:00:00,20,9.4
2017-05-15 12:00:00,21,9.2
2017-05-15 12:00:00,22,9.1
2017-05-15 12:00:00,23,9.1
2017-05-15 12:00:00,24,9.1
2017-05-15 12:00:00,24.3,9.1
2017-05-30 12:00:00,0,15.3
2017-05-30 12:00:00,1,15.3
2017-05-30 12:00:00,2,15.3
2017-05-30 12:00:00,3,15.3
2017-05-30 12:00:00,4,15.3
2017-05-30 12:00:00,5,15.3
2017-05-30 12:00:00,6,15.3
2017-05-30 12:00:00,7,15.3
2017-05-30 12:00:00,8,15.3
2017-05-30 12:00:00,9,15.1
2017-05-30 12:00:00,10,15.2
2017-05-30 12:00:00,11,14.6
2017-05-30 12:00:00,12,14.6
2017-05-30 12:00:00,13,14.7
2017-05-30 12:00:00,14,14.6
2017-05-30 12:00:00,15,14.7
2017-05-30 12:00:00,16,14.5
2017-05-30 12:00:00,17,14.6
2017-05-30 12:00:00,18,12.7
2017-05-30 12:00:00,19,11.8
2017-05-30 12:00:00,20,11.8
2017-05-30 12:00:00,21,10.1
2017-05-30 12:00:00,22,10.1
2017-05-30 12:00:00,23,10.1
2017-05-30 12:00:00,24,10.1
2017-05-30 12:00:00,24.5,10.1
2017-06-12 12:00:00,0,22.2
2017-06-12 12:00:00,1,22.1
2017-06-12 12:00:00,2,21.8
2017-06-12 12:00:00,3,21.6
2017-06-12 12:00:00,4,21.2
2017-06-12 12:00:00,5,20.5
2017-06-12 12:00:00,6,19.4
2017-06-12 12:00:00,7,18.6
2017-06-12 12:00:00,8,16
2017-06-12 12:00:00,9,15.1
2017-06-12 12:00:00,10,14.8
2017-06-12 12:00:00,11,14.6
2017-06-12 12:00:00,12,14.4
2017-06-12 12:00:00,13,14.1
2017-06-12 12:00:00,14,13.7
2017-06-12 12:00:00,15,13.5
2017-06-12 12:00:00,16,12.2
2017-06-12 12:00:00,17,11.3
2017-06-12 12:00:00,18,11
2017-06-12 12:00:00,19,10.7
2017-06-12 12:00:00,20,10.6
2017-06-12 12:00:00,21,10.6
2017-06-12 12:00:00,22,10.5
2017-06-12 12:00:00,23,10.5
2017-06-12 12:00:00,23.5,10.7
2017-06-26 12:00:00,0,20.9
2017-06-26 12:00:00,1,20.9
2017-06-26 12:00:00,2,20.9
2017-06-26 12:00:00,3,20.9
2017-06-26 12:00:00,4,20.9
2017-06-26 12:00:00,5,20.9
2017-06-26 12:00:00,6,20.9
2017-06-26 12:00:00,7,20.9
2017-06-26 12:00:00,8,20.9
2017-06-26 12:00:00,9,20.8
2017-06-26 12:00:00,9.5,20.8
2017-06-26 12:00:00,10,20.8
2017-06-26 12:00:00,10.5,17.7
2017-06-26 12:00:00,11,15.9
2017-06-26 12:00:00,12,14.6
2017-06-26 12:00:00,13,14.2
2017-06-26 12:00:00,14,13.8
2017-06-26 12:00:00,15,13.3
2017-06-26 12:00:00,16,13
2017-06-26 12:00:00,17,12.4
2017-06-26 12:00:00,18,12.1
2017-06-26 12:00:00,19,11.9
2017-06-26 12:00:00,20,11.9
2017-06-26 12:00:00,21,11.6
2017-06-26 12:00:00,22,11.5
2017-06-26 12:00:00,23,11.5
2017-06-26 12:00:00,24,11.2
2017-06-26 12:00:00,24.6,11.1
2017-07-10 12:00:00,0,23.8
2017-07-10 12:00:00,1,23.8
2017-07-10 12:00:00,2,23.7
2017-07-10 12:00:00,3,23.7
2017-07-10 12:00:00,4,23.6
2017-07-10 12:00:00,5,23.6
2017-07-10 12:00:00,6,23.6
2017-07-10 12:00:00,6.5,23.5
2017-07-10 12:00:00,7,23.5
2017-07-10 12:00:00,7.5,22.7
2017-07-10 12:00:00,8,20.8
2017-07-10 12:00:00,8.5,19.9
2017-07-10 12:00:00,9,19.8
2017-07-10 12:00:00,9.5,19
2017-07-10 12:00:00,10,18.7
2017-07-10 12:00:00,10.5,18.5
2017-07-10 12:00:00,11,16.6
2017-07-10 12:00:00,12,13.7
2017-07-10 12:00:00,13,13.3
2017-07-10 12:00:00,14,13
2017-07-10 12:00:00,15,12.8
2017-07-10 12:00:00,16,12.3
2017-07-10 12:00:00,17,12.2
2017-07-10 12:00:00,18,12
2017-07-10 12:00:00,19,11.8
2017-07-10 12:00:00,20,11.6
2017-07-10 12:00:00,21,11.5
2017-07-10 12:00:00,22,11.5
2017-07-10 12:00:00,23,11.5
2017-07-10 12:00:00,24,11.4
2017-07-10 12:00:00,24.5,11.5
2017-07-24 12:00:00,0,24.8
2017-07-24 12:00:00,1,24.8
2017-07-24 12:00:00,2,24.8
2017-07-24 12:00:00,3,24.8
2017-07-24 12:00:00,4,24.8
2017-07-24 12:00:00,5,24.8
2017-07-24 12:00:00,6,24.8
2017-07-24 12:00:00,6.5,24.6
2017-07-24 12:00:00,7,23.8
2017-07-24 12:00:00,7.5,22.8
2017-07-24 12:00:00,8,22.2
2017-07-24 12:00:00,9,19.3
2017-07-24 12:00:00,10,19
2017-07-24 12:00:00,11,18.3
2017-07-24 12:00:00,12,16.9
2017-07-24 12:00:00,13,15.1
2017-07-24 12:00:00,14,14.6
2017-07-24 12:00:00,15,14.3
2017-07-24 12:00:00,16,13.3
2017-07-24 12:00:00,17,12.6
2017-07-24 12:00:00,18,12.3
2017-07-24 12:00:00,19,12.2
2017-07-24 12:00:00,20,12.1
2017-07-24 12:00:00,21,11.8
2017-07-24 12:00:00,22,11.7
2017-07-24 12:00:00,23,11.6
2017-07-24 12:00:00,23.5,11.6
2017-08-07 12:00:00,0,23.2
2017-08-07 12:00:00,1,23.1
2017-08-07 12:00:00,2,23.1
2017-08-07 12:00:00,3,23
2017-08-07 12:00:00,4,22.9
2017-08-07 12:00:00,5,22.9
2017-08-07 12:00:00,6,22.9
2017-08-07 12:00:00,7,22.8
2017-08-07 12:00:00,7.5,22.7
2017-08-07 12:00:00,8,22.5
2017-08-07 12:00:00,8.5,22.2
2017-08-07 12:00:00,9,21.9
2017-08-07 12:00:00,9.5,21.4
2017-08-07 12:00:00,10,20.5
2017-08-07 12:00:00,11,18.5
2017-08-07 12:00:00,12,16.4
2017-08-07 12:00:00,13,15.4
2017-08-07 12:00:00,14,13.4
2017-08-07 12:00:00,15,12.8
2017-08-07 12:00:00,16,12.5
2017-08-07 12:00:00,17,12.2
2017-08-07 12:00:00,18,12.2
2017-08-07 12:00:00,19,11.8
2017-08-07 12:00:00,20,11.7
2017-08-07 12:00:00,21,11.7
2017-08-07 12:00:00,22,11.7
2017-08-07 12:00:00,23,11.5
2017-08-07 12:00:00,24,11.5
2017-08-07 12:00:00,24.2,11.5
2017-08-23 12:00:00,0,23
2017-08-23 12:00:00,1,23
2017-08-23 12:00:00,2,22.9
2017-08-23 12:00:00,3,22.9
2017-08-23 12:00:00,4,22.9
2017-08-23 12:00:00,5,22.8
2017-08-23 12:00:00,6,22.7
2017-08-23 12:00:00,7,22.7
2017-08-23 12:00:00,8,22.6
2017-08-23 12:00:00,9,22.6
2017-08-23 12:00:00,10,22.6
2017-08-23 12:00:00,11,22.6
2017-08-23 12:00:00,11.5,21.5
2017-08-23 12:00:00,12,16.8
2017-08-23 12:00:00,13,14.7
2017-08-23 12:00:00,14,13.9
2017-08-23 12:00:00,15,13.5
2017-08-23 12:00:00,16,13.1
2017-08-23 12:00:00,17,12.7
2017-08-23 12:00:00,18,12.3
2017-08-23 12:00:00,19,12
2017-08-23 12:00:00,20,11.9
2017-08-23 12:00:00,21,11.8
2017-08-23 12:00:00,22,11.7
2017-08-23 12:00:00,23,11.5
2017-08-23 12:00:00,24,11.5
2017-08-23 12:00:00,24.1,11.6
2017-09-06 12:00:00,0,20
2017-09-06 12:00:00,1,20
2017-09-06 12:00:00,2,19.9
2017-09-06 12:00:00,3,19.9
2017-09-06 12:00:00,4,19.9
2017-09-06 12:00:00,5,19.9
2017-09-06 12:00:00,6,19.9
2017-09-06 12:00:00,7,19.9
2017-09-06 12:00:00,8,19.9
2017-09-06 12:00:00,9,19.9
2017-09-06 12:00:00,10,19.9
2017-09-06 12:00:00,11,19.9
2017-09-06 12:00:00,12,19.8
2017-09-06 12:00:00,12.5,19.8
2017-09-06 12:00:00,13,19.2
2017-09-06 12:00:00,13.5,15.5
2017-09-06 12:00:00,14,14.4
2017-09-06 12:00:00,15,13.6
2017-09-06 12:00:00,16,13.2
2017-09-06 12:00:00,17,12.8
2017-09-06 12:00:00,18,12.5
2017-09-06 12:00:00,19,12.2
2017-09-06 12:00:00,20,11.9
2017-09-06 12:00:00,21,11.8
2017-09-06 12:00:00,22,11.8
2017-09-06 12:00:00,23,11.7
2017-09-06 12:00:00,24,11.7
2017-09-06 12:00:00,24.1,12
2017-09-25 12:00:00,0,23.2
2017-09-25 12:00:00,1,23
2017-09-25 12:00:00,2,22.8
2017-09-25 12:00:00,3,22.7
2017-09-25 12:00:00,4,22.4
2017-09-25 12:00:00,5,21.4
2017-09-25 12:00:00,6,20.6
2017-09-25 12:00:00,6.5,20.5
2017-09-25 12:00:00,7,20.3
2017-09-25 12:00:00,7.5,20.1
2017-09-25 12:00:00,8,19.9
2017-09-25 12:00:00,8.5,19.6
2017-09-25 12:00:00,9,19.5
2017-09-25 12:00:00,9.5,19.4
2017-09-25 12:00:00,10,19.1
2017-09-25 12:00:00,10.5,19
2017-09-25 12:00:00,11,18.8
2017-09-25 12:00:00,11.5,18.7
2017-09-25 12:00:00,12,18.5
2017-09-25 12:00:00,12.5,17.9
2017-09-25 12:00:00,13,15.5
2017-09-25 12:00:00,14,14.2
2017-09-25 12:00:00,15,13.8
2017-09-25 12:00:00,16,13.2
2017-09-25 12:00:00,17,12.9
2017-09-25 12:00:00,18,12.6
2017-09-25 12:00:00,19,12.3
2017-09-25 12:00:00,20,12.1
2017-09-25 12:00:00,21,12
2017-09-25 12:00:00,22,11.8
2017-09-25 12:00:00,23,11.7
2017-09-25 12:00:00,24,11.7
2017-09-25 12:00:00,24.5,11.7
2017-10-04 12:00:00,0,19.5
2017-10-04 12:00:00,1,19.5
2017-10-04 12:00:00,2,19.4
2017-10-04 12:00:00,3,19.4
2017-10-04 12:00:00,4,19.4
2017-10-04 12:00:00,5,19.4
2017-10-04 12:00:00,6,19.4
2017-10-04 12:00:00,7,19.4
2017-10-04 12:00:00,8,19.4
2017-10-04 12:00:00,9,19.4
2017-10-04 12:00:00,10,19.4
2017-10-04 12:00:00,11,19.4
2017-10-04 12:00:00,12,19.4
2017-10-04 12:00:00,12.5,19.3
2017-10-04 12:00:00,13,19.3
2017-10-04 12:00:00,13.5,18.9
2017-10-04 12:00:00,14,15.2
2017-10-04 12:00:00,14.5,14.2
2017-10-04 12:00:00,15,13.4
2017-10-04 12:00:00,16,12.9
2017-10-04 12:00:00,17,12.6
2017-10-04 12:00:00,18,12.3
2017-10-04 12:00:00,19,12.1
2017-10-04 12:00:00,20,12
2017-10-04 12:00:00,21,11.8
2017-10-04 12:00:00,22,11.8
2017-10-04 12:00:00,23,11.7
2017-10-04 12:00:00,24,11.7
2017-10-04 12:00:00,24.5,12
2017-11-02 12:00:00,0,11.6
2017-11-02 12:00:00,1,11.5
2017-11-02 12:00:00,2,11.5
2017-11-02 12:00:00,3,11.5
2017-11-02 12:00:00,4,11.5
2017-11-02 12:00:00,5,11.5
2017-11-02 12:00:00,6,11.5
2017-11-02 12:00:00,7,11.5
2017-11-02 12:00:00,8,11.5
2017-11-02 12:00:00,9,11.5
2017-11-02 12:00:00,10,11.5
2017-11-02 12:00:00,11,11.5
2017-11-02 12:00:00,12,11.5
2017-11-02 12:00:00,13,11.5
2017-11-02 12:00:00,14,11.5
2017-11-02 12:00:00,15,11.5
2017-11-02 12:00:00,16,11.5
2017-11-02 12:00:00,17,11.5
2017-11-02 12:00:00,18,11.5
2017-11-02 12:00:00,19,11.5
2017-11-02 12:00:00,20,11.4
2017-11-02 12:00:00,21,11.4
2017-11-02 12:00:00,22,11.2
2017-11-02 12:00:00,23,11.2
2017-11-02 12:00:00,24,11.1
2017-11-02 12:00:00,24.6,11.4
2017-12-19 12:00:00,0,2.3
2017-12-19 12:00:00,1,2.3
2017-12-19 12:00:00,2,2.3
2017-12-19 12:00:00,3,2.3
2017-12-19 12:00:00,4,2.3
2017-12-19 12:00:00,5,2.3
2017-12-19 12:00:00,6,2.3
2017-12-19 12:00:00,7,2.3
2017-12-19 12:00:00,8,2.3
2017-12-19 12:00:00,9,2.3
2017-12-19 12:00:00,10,2.3
2017-12-19 12:00:00,11,2.3
2017-12-19 12:00:00,12,2.3
2017-12-19 12:00:00,13,2.3
2017-12-19 12:00:00,14,2.3
2017-12-19 12:00:00,15,2.3
2017-12-19 12:00:00,16,2.3
2017-12-19 12:00:00,17,2.3
2017-12-19 12:00:00,18,2.3
2017-12-19 12:00:00,19,2.3
2017-12-19 12:00:00,20,2.3
2017-12-19 12:00:00,21,2.3
2017-12-19 12:00:00,22,2.3
2017-12-19 12:00:00,22.5,3.3
